uAgent_emb_0,uAgent_emb_1,uAgent_emb_2,uAgent_emb_3,uAgent_emb_4,uAgent_emb_5,uAgent_emb_6,uAgent_emb_7,uAgent_emb_8,uAgent_emb_9,uAgent_emb_10,uAgent_emb_11,uAgent_emb_12,uAgent_emb_13,uAgent_emb_14,uAgent_emb_15,uAgent_emb_16,uAgent_emb_17,uAgent_emb_18,uAgent_emb_19,uAgent_emb_20,uAgent_emb_21,uAgent_emb_22,uAgent_emb_23,uAgent_emb_24,uAgent_emb_25,uAgent_emb_26,uAgent_emb_27,uAgent_emb_28,uAgent_emb_29,uAgent_emb_30,uAgent_emb_31,uAgent_emb_32,uAgent_emb_33,uAgent_emb_34,uAgent_emb_35,uAgent_emb_36,uAgent_emb_37,uAgent_emb_38,uAgent_emb_39,uAgent_emb_40,uAgent_emb_41,uAgent_emb_42,uAgent_emb_43,uAgent_emb_44,uAgent_emb_45,uAgent_emb_46,uAgent_emb_47,uAgent_emb_48,uAgent_emb_49,uAgent_emb_50,uAgent_emb_51,uAgent_emb_52,uAgent_emb_53,uAgent_emb_54,uAgent_emb_55,uAgent_emb_56,uAgent_emb_57,uAgent_emb_58,uAgent_emb_59,uAgent_emb_60,uAgent_emb_61,uAgent_emb_62,uAgent_emb_63
0.010804221,0.025745498,0.014431358,0.064569704,-0.0017086559,-0.0010389477,-0.0008409023,-0.05322828,0.013486281,0.0293681,0.021140644,0.04544921,0.01464638,0.0044468557,-0.019371519,-0.0036751025,-0.015483225,0.078252696,-0.05089888,-0.014164505,0.07603829,0.050365984,-0.003822626,-0.01296366,-0.021556163,0.01989782,0.017108202,-0.060326383,0.019883554,-0.012750567,-0.039480504,0.07455193,-0.028222272,-0.017889487,-0.016518665,-0.025984611,-0.057787243,-0.06293436,0.03741707,0.07659378,0.03692607,0.06734035,-0.073515624,0.009079124,-0.011074635,0.019534001,-0.012205785,0.021640982,-0.013180064,-0.03693361,0.07113613,-0.022634022,0.0015258283,0.053590357,-0.005362021,0.019741619,0.038145956,-0.011794686,-0.031446464,0.001422202,0.04222514,-0.008738113,0.028737985,-0.020297226
0.004540559,-0.027915498,0.061551385,-0.0039400486,-0.06384385,-0.074615024,-0.04356612,-0.055423897,-0.0060335337,0.019450035,-0.078994356,-0.06166721,-0.028421508,0.009398291,-0.02078793,0.025629317,-0.042265516,-0.031039774,0.06634157,0.02440181,-0.036023233,0.05714554,0.028427698,0.07030884,-0.016827745,0.023626413,-0.06460237,-0.06286989,0.06883431,-0.025815144,0.006690539,-0.006050259,0.0035194845,0.077944264,-0.01247277,-0.009183937,-0.04213454,0.014373062,0.06406992,-0.05458046,0.07801642,-0.01763246,-0.065136254,0.07770772,-0.043664098,-0.0521876,0.006575119,-0.012899489,0.014716955,-0.014832272,-0.003077474,0.0030343235,-0.016655514,-0.028137924,-0.04525892,0.026941998,0.04590115,-0.004834145,-0.05872908,0.04258127,0.005040759,0.046752546,-0.03579568,0.009971083
-0.022943705,0.0138025135,-0.047853414,-0.019818502,-0.013636441,-0.0083615165,0.012226971,-0.058942713,0.031447623,0.062225316,0.030173145,0.016153228,-0.058149,-0.059049778,0.03753696,-0.06192147,0.01702273,0.017686909,-0.029429343,-0.03484671,-0.05307048,0.015664337,-0.035921805,-0.02371903,0.03156097,-0.039447974,0.0058714896,0.024769394,0.012389658,-0.057743665,0.012378784,-0.025376055,-0.059465125,-0.030968081,-0.028551787,0.017094798,-0.005988887,-0.02797407,0.01381344,-0.022283167,-0.026594022,-0.031988136,0.034508806,-0.039916143,-0.0030825336,-0.0095932875,-0.0530137,0.026519803,-0.049303398,0.06083387,-0.02089572,-0.022326848,-0.0035598166,-0.027631188,-0.038274337,-0.025520025,-0.045049984,-0.040118974,-0.0036037774,-0.06126617,-0.036709394,0.048551,-0.051142506,0.054134235
-0.010620088,0.045285136,0.07586888,0.0069987588,0.018602213,-0.058540594,0.024645949,0.04796675,0.030150317,-0.07175878,0.069708034,0.032518875,0.01086632,-0.0017194918,-0.065526806,-0.010903562,0.013709728,0.07192003,0.010140551,-0.052375346,0.021852797,-0.051152386,-0.014000874,-0.018600361,-0.009213211,-0.023620656,-0.009126868,-0.027192159,0.07153588,0.019804316,0.061366998,-0.049400963,-0.01146639,0.00021179247,0.057139363,0.019433789,-0.025640294,0.030507218,-0.05892222,-0.06103544,-0.0430239,-0.0033151065,-0.031546112,-0.017901424,0.014107916,0.049016215,-0.039207283,-0.047484804,0.070700854,-0.0054535507,0.03522129,0.0030034576,-0.009009408,0.020955823,-0.0626618,-0.0787555,-0.013172416,-0.06987016,0.0046800207,0.023060005,0.049766768,-0.0034497152,0.045150466,-0.033807773
0.0055353,0.002015445,0.017400978,-0.022322388,-0.055883415,0.005030137,0.010071334,-0.019739065,0.058573965,0.050432533,0.052062158,0.06698208,0.04085143,-0.0104945265,0.06574523,-0.015439745,0.06405064,0.06870092,0.050364092,0.027939754,-0.03395194,0.020503994,-0.036359433,-0.03568005,-0.036213793,-0.020232948,0.051006038,0.009124382,-0.015465589,0.0040494497,0.009729812,0.063120194,-0.060863193,0.004131445,0.0024899004,-0.051051658,0.071238235,-0.023552949,-0.047827013,0.0056848396,0.037741493,0.06817628,0.031131389,-0.051726308,0.06640898,-0.0077409497,0.0006017761,-0.06603681,0.025380004,0.04762092,-0.048935834,-7.74613e-05,-0.048279658,-0.07407907,0.026961176,0.043300252,0.028889699,-0.008044371,0.018789196,-0.024932398,-0.00037565726,0.020877985,0.012796701,-0.04566248
0.052144,-0.021513874,0.024095736,0.07684097,0.002088034,-0.07273428,0.026381336,0.004274873,0.009256719,-0.052737564,-0.033587806,-0.03343269,-0.056076698,-0.069276996,-0.059833515,-0.013894761,-0.03762375,-0.008517184,-0.0064296345,-0.006608382,0.059501838,-0.030954,-0.02799258,-0.002695876,-0.042565487,-0.04543945,-0.01158599,-0.019547077,0.061850373,0.015925176,-0.021391856,0.0012385861,-0.030634997,-0.018157823,-0.0063398033,0.04302084,-0.017306993,0.0004035851,0.059442904,0.00054484885,-0.0096111605,-0.0147777,0.037861582,0.04114817,0.0050948826,0.013123303,0.048352074,0.053879634,-0.044079702,0.01611358,-0.029922241,0.060007155,-0.014771075,0.019660925,-0.041017853,-0.07172966,-0.0707616,-0.008514271,0.033400107,0.060419183,0.058774527,-0.017751189,-0.07427514,-0.014546522
0.01455404,0.020423928,0.06510309,0.0025809654,0.035024945,0.03928674,0.05534972,-0.020235458,-0.023931867,-0.027468126,-0.06495338,-0.019997787,-0.0111039905,0.03357906,0.010380673,0.017202072,0.022049569,-0.051241014,-0.020021154,-0.05214337,0.049672455,0.020651532,-0.008235716,0.053102117,0.04947483,-0.019518124,0.042933848,-0.019555682,-0.0073018535,-0.06418151,-0.03793571,-0.00947753,0.054504175,0.07137201,-0.046158567,0.016477954,0.0144905085,0.016917117,0.008279701,-0.0039208434,0.052240808,-0.013296667,-0.04521559,-0.02741431,-0.0023482954,0.0061245454,0.019280097,-0.01654867,-0.0057315035,0.042809337,-0.016910832,0.0018391097,0.058934074,-0.005207143,-0.015506958,0.019745125,0.07260277,0.007172576,0.016919428,0.023984037,0.060802527,-0.037584364,-0.05857423,-0.016542751
-0.056590967,0.03520194,-0.008136562,-0.03280704,-0.056151953,-0.0128920805,-0.012321575,-0.00017410735,-0.033685096,-0.023912242,-0.033884443,0.035163168,-0.052911952,-0.009690327,-0.0507435,-0.031428035,-0.022465253,-0.048964024,0.044010326,0.021994451,-0.034345802,0.013518053,-0.012117243,0.037474565,0.072258696,-0.073806226,-0.07340723,-0.011753664,-0.04690931,0.04583252,-0.021667168,0.072385974,0.0033867988,-0.038661826,0.016058363,0.029408107,0.056144103,-0.06639275,0.013358698,-0.017967481,0.052806422,0.015867744,-0.051906005,-0.059336174,0.060338534,0.023738854,-0.0713737,-0.017415104,-0.0011116327,0.0019826393,0.00010256862,-0.021471279,-0.051287167,0.018607238,0.04012716,0.059772894,-0.049089644,0.012206396,-0.013741703,-0.014296035,0.025464278,0.02098308,0.069001414,0.057426453
-0.029359361,-0.011433317,0.021822657,0.07095034,0.008665319,0.0227798,0.017523672,0.006310217,0.047950007,-0.0022775403,-0.0034062925,-0.009680126,0.06543108,-0.01546571,0.018856212,-0.014611019,0.018204018,0.017067121,0.05299534,0.021954741,0.074239,0.009187375,0.00894123,0.069701396,-0.008187442,0.005283605,0.06299328,0.07070755,0.019246733,0.0050763316,0.0007782389,-0.023408432,-0.051509555,-0.02006971,0.038809057,-0.04810098,-0.0025053462,-0.015503258,0.031576153,-0.024879362,0.00259098,0.013010003,0.008092725,-0.050277967,0.025120586,0.05335415,-0.0056635286,0.0130478665,0.060452543,0.061396986,0.061019726,-0.04231762,-0.011322746,0.059575256,0.05650053,-0.016228743,0.03935798,0.03296605,-0.0076290644,0.011965677,0.043214615,-0.011607285,0.018891603,0.01447671
0.03253913,-0.020534307,-0.012325379,-0.025985977,-0.00374473,0.028205045,0.011605236,-0.039240066,0.020005869,0.02481155,-0.031131098,0.01408266,0.005717545,0.0071575115,0.04509254,0.045777917,0.024903597,0.054564346,0.010593412,0.015615718,0.035318803,-0.0235222,-0.021219851,0.011701421,0.03666908,0.04076401,-0.017503647,0.02664656,0.009641734,0.0234376,-0.032302655,-0.035271626,-0.027933508,0.013570616,0.016958233,0.008614121,-0.032140523,0.024331367,-0.0017766438,-0.04009533,-0.026997624,-0.035029534,-0.027466955,0.014821266,-0.019704184,0.00021164892,0.021181665,-0.020216042,-0.025421487,-0.044276964,0.0424013,0.006078288,-0.005535273,0.035688486,-0.0590442,-0.02750349,-0.015634546,-0.0007072412,0.007885862,0.042611368,-0.019965045,0.049591154,-0.010741313,-0.035850868
0.020361867,0.03100262,-0.042541545,0.026186451,-0.013953395,0.024770139,0.04397535,0.06919812,-0.036420982,0.0004892466,0.0013011125,-0.017636845,0.0018018916,0.022984512,-0.0664079,-0.011807192,-0.056115117,0.00071721856,0.023469467,0.009277387,-0.068169124,-0.025122162,-0.0011562768,0.049396846,0.06480374,-0.035986222,0.0048271692,-0.027479755,0.058733825,0.06525455,0.054487966,0.013255643,-0.012509913,0.008721065,-0.007907105,-0.00084445305,0.04848654,-0.05097604,0.049266282,-0.00658303,-0.004299263,-0.005100133,0.020137183,-0.062258806,-0.06908891,-0.03567241,0.013381223,-0.03314076,-0.033122078,0.02420559,-0.02855025,-0.0585543,0.041600388,0.06211328,0.016228333,-0.002337806,-0.0055514774,0.017132187,-0.024041774,-0.018313574,0.01867174,-0.009159477,-0.043355625,0.03374535
0.0059144646,0.03183467,0.025703544,-0.013288459,-0.059578136,0.032007236,-0.075162716,-0.016256697,-0.024668511,0.005100282,-0.017643532,-0.021796312,-0.02988236,-0.012922716,0.051253658,0.07058297,-0.016887726,-0.06329263,0.057331644,0.010125124,-0.018677814,0.04604854,-0.0544673,-0.07569294,0.0024239474,0.04678319,0.006691469,-0.04307227,0.07217122,-0.015691714,-0.008677481,-0.016375741,-0.016906017,0.041392673,0.03557867,0.006643099,0.056542546,-0.019717345,0.07148134,0.03127846,-0.010804598,0.047940195,-0.046977527,-0.0054884055,-0.03821877,0.011056418,-0.07812885,-0.008635141,0.03991785,0.05526173,-0.045898687,0.01762946,-0.0037650242,0.045799553,-0.06820648,-0.04176477,0.028078405,0.06960896,0.07014332,-0.024085829,0.049406108,-0.055695157,0.06512793,0.0034703433
-0.055405308,0.0032097064,-0.06357103,-0.023603592,0.03795138,0.0012004174,0.038576692,0.031021627,0.0016008451,-0.023896296,0.01170367,-0.0702397,0.03333057,-0.055138234,-0.07104198,-0.025921026,0.0029940407,0.068248294,-0.016175397,-0.01853145,-0.06623375,0.0051136795,0.022361878,-0.057536364,-0.0076217386,-0.008043016,-0.06857982,-0.025077783,-0.0363002,-0.06405787,-0.0018874841,0.009494554,0.0023481424,-0.004111539,0.022733264,-0.0032115167,-0.023880009,-0.06634545,-0.06524516,0.008210892,-0.020789048,-0.012664005,-0.00013976131,0.005713543,-0.0032394745,-0.0040182387,0.023303416,-0.012665117,-0.042559795,0.03951479,-0.033517256,-0.052038997,0.021874737,-0.056445085,0.061456826,0.011984997,0.034955665,0.025887322,-0.01000807,0.06208842,-0.004930426,-0.0010956358,0.04267754,0.020140572
0.007240309,0.06722004,0.033814978,-0.040138748,0.024738256,0.049191885,-0.029928578,-0.02622052,-0.044900574,-0.0038361945,0.023850977,0.014869226,0.0025238884,0.061351985,0.029400943,0.006737504,0.0035599628,0.04166756,-0.024775837,-0.028007677,0.017219108,-0.06569946,-0.0026906992,-0.028208027,-0.0040342514,-0.019093866,-0.0075628064,-0.04845694,-0.033335935,0.029508965,-0.027578246,-0.015642595,-0.018444404,0.06825952,-0.054340612,0.040826842,-0.013819719,0.007891644,0.028997904,-0.0035422717,0.01772323,0.025979593,0.007871124,0.013572838,-0.023031572,0.021732975,-0.009169029,-0.023357159,0.04628103,0.066853054,0.0031566385,-0.012887532,-0.02599403,0.030463386,-8.0579266e-05,0.017466959,0.015899584,0.007504576,0.02233289,0.0125897415,-0.010651244,0.0011613206,0.00479478,0.014085558
-0.003698026,0.020845188,0.015827388,-0.019707326,-0.021331983,0.019309204,0.044891853,-0.0277346,-0.01948609,-0.010076244,0.067123495,0.012805801,0.026000842,0.06584122,-0.008669055,-0.034267318,0.020308362,0.0139067685,0.031085258,0.0036778545,-0.0028668903,-0.028028294,-0.041340724,0.04479846,-0.026032653,-0.03393882,-0.034209944,0.031618234,-0.041624144,-0.015776891,-0.008617766,-0.029498732,-0.05757645,0.042559095,0.007258172,0.062438484,0.029749136,-0.045609523,-0.06306461,0.00411106,0.03568421,0.029305158,0.009474865,0.03631616,0.038459387,0.04651475,0.025280958,0.06051365,0.008341262,-5.2677933e-09,0.008477241,0.023843043,-0.018766768,0.052758437,-0.021955129,0.065587915,-0.062770896,-0.052517626,-0.0486111,-0.043026812,0.0190355,0.015263045,-0.02027939,0.027667366
0.007067543,0.038954373,-0.026718663,-0.035591897,0.00342786,0.024938606,0.007258779,-0.018546341,-0.019757355,0.005439047,-0.027870256,0.009348378,-0.008223311,0.05218562,-0.011483973,-0.02857499,0.011666802,-0.02886903,-0.05557122,-0.04122012,0.04900274,0.02320571,0.04130254,0.061109927,0.013893841,-0.005381996,-0.00042834954,-0.026856484,0.012700708,-0.03530452,-0.032842945,-0.054425597,0.012592811,0.06287182,0.024859669,0.056742426,0.016590541,0.007826158,-0.048246805,0.029238198,-0.03203594,0.021367306,0.032806236,-0.026817713,-0.030936623,0.009300836,-0.0006013628,0.02748377,0.048541468,-0.06193185,0.05423112,-0.005942922,0.055966184,0.0044272332,0.034360543,-0.04510473,0.024092058,0.019785173,0.05542304,-0.055313684,0.02626107,0.017393125,0.0007248476,0.018049166
-0.011494566,0.07579406,0.05206837,0.021168103,-0.06596245,0.022790508,0.01976574,0.019875243,-0.068720326,0.05881994,0.018414395,-0.021205347,-0.062185206,0.011131966,0.05841268,-0.0010156328,-0.001952294,-0.038409073,-0.0041060788,0.07060267,-0.05059037,0.023386529,-0.04551202,0.06296495,-0.06443531,0.004606696,0.042416435,-0.06374995,-0.015204873,-0.0062292013,0.03675468,-0.03953927,0.007952215,0.03223933,-0.014296244,0.075257264,0.017565407,0.04539831,-0.0005357176,-0.025492456,0.0589893,-0.014255141,0.04111419,0.013217934,-0.021325693,0.06528611,-0.07541247,0.03552465,0.019562514,0.007309096,-0.07475782,0.021450369,-0.02034077,0.026319694,0.005696053,0.0044476385,-0.005696237,-0.019103725,-0.07169215,0.005928835,0.0011474974,-0.008751517,-0.046728797,-0.05800608
0.065807775,-0.01638248,0.017722482,0.043154992,-0.01816037,-0.051081516,-0.02031608,0.018932132,0.021262188,0.06985753,0.038950723,0.0076851556,-0.06729368,0.005139217,0.00037069502,0.026089406,-0.074120924,-0.055137005,0.0053121825,-0.035486538,0.03404123,0.062720515,0.0050401147,-0.026302677,-0.029876288,0.0076838615,0.06820961,0.026209434,0.0010616905,-0.042353857,-0.04967341,-0.003796975,-0.053306032,-0.021428848,-0.03808352,0.015973449,-0.01701515,0.0010255411,-0.01012567,-0.043049317,-0.008901351,-0.047002852,0.045010235,-0.0048752795,-0.043936964,-0.0009001237,0.033377472,0.020469557,-0.049045086,0.01961715,0.01985418,0.05338987,0.015597899,0.014933222,0.015442066,0.03286885,-0.0081388755,0.011392586,-0.03843668,-0.0011186163,0.014701148,-0.0120402435,0.019300835,0.0067281383
-0.0042345575,-0.020385545,0.008139704,-0.058313597,0.06681215,-0.06458262,-0.0009338159,-0.038323823,-0.025972305,0.027667545,0.024664484,-0.0077961995,0.000776651,-0.043331906,-0.009177462,-0.04253254,0.035787694,0.0046920236,-0.047137607,-0.05983234,-0.02326726,0.035132114,0.055714473,-0.013972488,0.025166426,-0.04486401,0.028193936,0.004163231,-0.019709384,-0.020577021,0.06631983,0.019115377,0.015066552,-0.048124984,-0.0021832217,-0.002726701,-0.065506116,0.067269176,0.03449625,-0.006127099,-0.010778369,-0.06115934,0.00046834178,0.049207166,0.07627456,-0.0015211236,0.06344578,0.055206038,0.0022449607,-0.06425721,-0.021970427,0.013547938,0.03348241,-0.0350729,-0.07170917,0.056979135,-0.06260846,0.07521526,-0.056172423,0.011161104,-0.026189506,0.047741123,-0.007553235,-0.029516445
0.0018283738,0.00794268,0.025562692,-0.03160118,0.028977234,0.0077347835,0.019453023,0.040464774,0.049611133,0.006015258,0.005202122,-0.050386015,-0.050897524,0.030931748,-0.05612942,0.06562956,-0.0012266298,0.024897143,0.00871423,0.0259563,-0.032350402,-0.0447004,0.034020007,0.061709598,0.07640126,-0.00961531,0.011465523,0.075095385,0.018494502,-0.04404578,0.058778305,-0.009184406,-0.011568948,-0.059476405,-0.022383377,-0.009120255,0.075369485,0.020450985,-0.010721282,-0.015322918,-0.025063075,-0.038347326,0.06520362,-0.0642282,-0.06813357,0.024054252,0.063301176,-0.017840626,0.041045006,-0.073800646,-0.050670736,-0.060291022,-0.010077522,-0.0010251428,0.021765335,0.006592596,0.028893564,-0.0074803378,0.06208338,0.00034861726,0.06690741,0.037173774,0.033601556,-0.06197913
-0.032590415,0.006829365,-0.05359415,-0.036644347,0.04144486,-0.0007189261,-9.685912e-05,-0.0225566,0.05800876,-0.0689448,-0.061238755,-0.0195392,0.0781048,-0.009581567,0.015982183,0.001688795,-0.047849216,-0.07648752,-0.06440227,0.024485478,-0.061258234,-0.040219944,-0.014228526,0.01205945,0.0601361,-0.0054308535,-0.054126035,0.021331461,0.007401389,-0.07962818,0.010898189,0.07728115,0.028309226,0.034528896,-0.06489984,-0.065565206,-0.055743203,-0.04034906,0.03240024,0.012596305,0.0348095,-0.0507501,0.053294525,0.016136313,-0.014215607,-0.06015119,0.07234437,-0.054551847,-0.034542836,-0.067580536,0.012691464,0.011990766,-0.041770622,0.040597796,-0.056032367,-0.032215755,-0.00072690466,-0.032792855,0.07539861,-0.020271802,0.0025881997,-0.008116641,0.010212459,-0.05906514
-0.0024361871,0.03365356,-0.018208627,0.026779352,0.01959003,0.044968616,0.05367293,0.024528792,0.040236607,0.046868864,0.05901888,0.013456158,-0.014738317,-0.00067115336,0.023143776,-0.051565997,-0.050847787,0.046881735,-0.03715846,-0.004681025,0.0027524773,-0.004973808,0.025479602,-0.0115054,-0.021272784,0.014131635,-0.036058474,-0.026550736,0.033382684,-0.010737226,-0.0024025235,-0.050474424,-0.035502955,0.027817346,-0.026695216,0.06208771,0.015078903,0.02000751,-0.0043898155,-0.032353047,0.029758139,-0.029262975,-0.02234135,-0.032041118,0.008629413,-0.030028991,0.013673069,0.029025419,0.009137663,0.03212487,-0.020656528,-0.022769123,-0.016588816,-0.03161852,-0.011775026,-0.038051628,-0.05990311,0.012031446,-0.0033031912,0.022527412,-0.03583881,0.042077437,0.021480732,-0.019599771
0.02291564,0.028539792,0.021653583,0.017323863,0.022123784,0.037910476,-0.0082781315,-0.045319106,0.037422907,-0.011093147,0.02146969,-0.005359645,-0.01586945,-0.040555235,-0.01055013,-0.020943644,0.05561215,-0.03298725,0.034106642,-0.03409138,-0.0057486314,0.026748328,0.058383435,-0.0108951535,0.03215477,-0.008325416,0.022927444,-0.012572894,-0.048864633,-0.028870232,0.023709498,-0.0056218123,-0.016958516,-0.0639583,0.037153926,-0.032400545,-0.049143054,-0.055936906,-0.044863112,0.062435437,0.00021590365,-0.0029325641,-0.041447084,0.020677863,0.059240982,0.018380933,0.044336423,-0.0032153882,-0.03726187,0.054697912,-0.027293246,-0.014043552,-0.029369254,0.015339891,0.016359985,-0.01345514,-0.0029113546,0.030044701,-0.010401187,0.046417765,-0.02714773,-0.028010342,0.008927786,0.058854647
0.006332611,0.0005919848,-0.05767491,0.0021330994,-0.057267196,0.06402444,-0.027321901,0.0060821786,-0.013249668,0.015485609,0.05473176,0.06617592,0.024499858,-0.034403928,-0.017940558,-0.013227143,0.0039025897,0.047911573,0.025694693,-0.042255268,0.0044788695,-0.05596072,0.04412507,0.007229981,-0.042534277,-0.028839253,-0.059386373,0.02020819,0.013984993,0.000810929,-0.007486213,-0.024106992,0.05209702,0.023498375,-0.006493913,-0.029273417,-0.01725068,0.020540569,-0.0057780645,0.061986383,0.026892543,-0.008094414,-0.008798235,-0.04349335,0.062243845,-0.0032964698,0.0050878576,0.040833425,0.009371395,-0.038630992,-0.063592434,-0.062480748,0.036896177,0.002891341,-0.013952124,0.026448766,0.010935614,0.009814156,-0.0011363528,-0.03540216,0.010956084,-0.025650525,-0.03886443,-0.026061336
-0.016205987,-0.0189905,-0.045623805,-0.075215265,0.035819713,0.04125546,0.07772462,0.078244485,0.026443813,-0.0010947826,-0.008521431,-0.026398063,-0.026505373,-0.078622304,0.018265296,0.07385477,-0.014688445,-0.014103727,0.01735769,0.017331516,0.06432986,0.058318708,0.053202078,-0.06609889,0.07120913,-0.0609481,0.004086324,-0.033385348,0.029048508,0.015026287,0.05837903,-0.069604665,-0.00811002,-0.050968938,-0.018151047,0.0057331207,0.07361204,0.015346576,-0.05686386,-0.06749618,0.00956517,-0.048414,-0.008929387,0.02968385,-0.0073810383,-0.03531178,-0.05460267,-0.023654204,-0.07766003,-0.05195416,-0.060889807,0.05376377,-0.06023376,-0.06789807,-0.019728765,0.07121818,0.019521585,-0.013153226,-0.033961557,0.022221837,-0.04489926,-0.019653756,-0.079405285,0.035856616
0.03277463,-0.05525971,-0.076907985,0.017929254,-0.073715605,-0.03713269,-0.027800731,0.07156289,0.0017639744,0.051094126,0.06888835,-0.0033366955,-0.0065259757,-0.04034166,0.02656726,0.053815294,-0.045094118,-0.010886049,-0.0077000903,-0.06881069,-0.05713058,0.04123323,-0.021016955,-0.021745522,-0.015710348,0.014381599,-0.020452315,0.0076941676,-0.077365644,0.06862988,0.004018182,-0.005606355,-0.05993148,0.038413487,0.012592454,-0.011503873,0.014751089,-0.015642263,-0.00806037,-0.024186067,-0.06573543,0.007760438,-0.06118455,-0.06809103,0.0021121316,0.046574168,0.037409645,-0.013606397,-0.0015596144,-0.046726834,0.05491021,0.00047283428,0.075340815,0.002986532,-0.07539252,-0.0015368003,0.053778797,-0.013754924,0.010681591,0.042059146,0.07777527,-0.0064658304,0.07356706,0.023573957
-0.04686317,-0.034528717,0.06663277,-0.049103256,-0.0477025,0.047645554,0.035494633,-0.0066943336,-0.06698458,-0.00070890796,0.0017120796,0.069187656,0.0165278,0.040244132,0.07572223,-0.0043150075,0.055888735,-0.063935064,0.00014565187,-0.010067218,0.07343557,0.06394655,-0.07495133,0.018025111,-0.021122955,0.052854627,-0.01373337,-0.051257487,0.05694625,-0.01612974,0.014101465,0.031946104,0.02134964,-0.018951215,0.07041096,0.0056711556,-0.069566034,0.053277798,0.04104645,0.021391738,-0.071825095,0.04189623,-0.0035246129,0.019163642,0.013050914,0.06736386,0.065072894,-0.007179834,0.0556599,0.022696149,-0.052423313,0.023382168,0.07298879,-0.025318407,0.030207662,0.07342258,-0.01231486,0.044689637,0.0056049577,-0.020561602,-0.0077909897,-0.036015764,0.056341708,-0.07113112
0.045143526,-0.018382989,0.0027064066,0.019319424,0.017903985,0.05705831,0.0048212684,0.06746817,0.0065342723,-0.00761625,-0.007689037,0.010935674,-0.030028913,-0.076293245,-0.035972834,-0.0516589,-0.054300614,-0.043373834,0.07195691,-0.0003364627,-0.008531532,-0.061394416,-0.013614316,0.030747326,-0.06626344,-0.06777148,-0.04520708,-0.0012400817,-0.016096137,-0.0027090965,0.06403351,0.032039654,0.07364852,-0.012175759,0.024783827,0.017360276,-0.024807246,0.076240905,0.017273434,0.058078498,0.010210264,-0.020640617,0.053011347,-0.070738,-0.06224127,0.07206728,0.0136799645,-0.012870478,-0.032161254,-0.071222685,-0.011541803,-0.023640232,0.014877584,0.011827961,-0.044882484,-0.014134666,-0.016662212,-0.01915546,-0.054662477,0.028466208,-0.014727832,0.0016667526,0.069707885,0.006954843
-0.05831857,-0.006389742,-0.05777851,-0.0053951987,0.006090161,0.0063607213,0.04488846,-0.042877734,0.031693503,0.03796077,0.055648096,0.05336161,0.025597908,-0.013722892,-0.019772425,0.032539513,0.03057408,0.053180132,0.04216525,-0.04593816,-0.033956245,0.016636191,0.045413457,0.03392745,0.028656414,-0.025568064,-0.042497896,0.03833995,0.057284668,-0.0065409103,0.0073714475,-0.009135231,0.05712346,-0.02492724,-0.06304938,-0.021813292,-0.056431167,-0.024686797,-0.0015442192,0.03772102,0.027766364,0.03337767,-0.028861895,-0.0061817393,-0.018782642,0.0319541,-0.016348513,-0.026221467,-0.017110895,-0.054844122,-0.0146106,-0.00042041056,-0.039239295,-0.01382287,-0.054873474,0.053016197,-0.027654577,0.032229412,0.047740728,-0.053783678,0.022151753,0.014296359,0.05320111,-0.009696936
-0.01451313,0.06562038,-0.0027103403,-0.073432624,0.053104907,0.019567568,-0.018573789,0.044759475,-0.05973182,-0.032001935,0.014765716,-0.036456663,-0.024810828,0.063967235,-0.0022153612,0.05000133,0.058900017,-0.013047219,-0.02958687,0.018257303,0.0010227875,0.05730859,-0.05014658,-0.041527003,-0.067289956,-0.068794735,0.03418203,0.023582583,0.07150411,0.044777058,0.050541975,-0.009977178,0.07237261,0.013280261,0.006202442,-0.07753505,0.013426108,0.07898264,-0.043401368,0.056229707,-0.07426868,0.0027462654,-0.06784957,0.01344069,-0.060775645,-0.011851082,-0.05072683,-0.04783387,-0.013034072,-0.031377,0.06858252,0.04418728,0.04716254,-0.00072445563,0.034712818,0.008280731,0.045250494,-0.015418922,0.042717032,-0.033567373,0.06978145,-0.041553095,-0.06316559,-0.0104816975
0.05792773,-0.037316546,-0.058223456,0.004539986,0.035524253,0.026763584,-0.045732576,0.039617296,-0.010988019,0.02948831,-0.060950715,-0.043168444,0.066044725,-0.022469394,-0.044036556,-0.054700743,0.019483993,0.000401291,0.018522022,-0.06368738,-0.04734362,0.004460009,-0.05838516,-0.06653162,-0.040203173,0.028258901,0.018859837,-0.05275854,0.016192108,-0.055351228,0.05932476,-0.04775235,0.016232058,0.0583616,-0.04879985,-0.057145055,-0.027938098,0.031099368,-0.021694781,0.0061055855,-0.066613235,0.037848603,-0.010065389,0.0135645745,0.017061414,-0.034817643,-0.037782338,0.0669998,-0.049360108,0.02581464,0.041325454,-0.015319195,0.041045994,-0.06604243,-0.013021207,0.0069423476,-0.028333912,-0.03999533,0.055721268,0.06045368,0.0147373825,-0.005781505,-0.028626194,-0.0027755802
0.07024062,-0.0090890955,0.047404513,-0.06886157,-0.07047072,0.010818113,0.021975353,0.023674488,0.0041769105,-0.052611254,-0.020144163,-0.0075884634,0.009774538,0.010844676,0.044039086,-0.04671154,0.034042798,0.024216563,-0.017778415,-0.0031979317,-0.067395374,0.013269549,0.0077590854,0.021561831,0.03416499,-0.028222457,0.05307745,0.0020271146,0.029113973,0.025823984,0.017415706,-0.05628792,0.06908688,-0.019313551,0.050854158,-0.069630176,-0.06408154,-0.019174127,0.05100842,0.04067881,0.04243873,0.054086555,0.062001266,0.0020288343,-0.012501179,0.009155403,0.058398336,-0.049995895,-0.051380463,-0.02571912,-0.03456968,-0.022244222,-0.008585182,0.010323898,0.04443776,-0.069507524,-0.05917939,0.04359853,-0.010480304,0.05996075,-0.053838868,0.05296927,-0.030849142,-0.044693172
-0.05637748,-0.05207176,0.026058413,0.06163033,-0.02430022,-0.04177118,0.034818687,0.021238524,0.020951385,-0.047133703,0.01840446,-0.021319998,0.061571725,-0.0020188582,0.06354338,-0.013017658,0.029921915,0.051705647,-0.002636144,0.030566828,-0.007320447,-0.047310222,-0.012885246,0.017484898,0.009292636,-0.014224055,0.060752735,-0.058339413,-0.008086633,0.028372617,0.040893268,0.025658742,-0.03275621,0.019664371,0.064250894,0.012742828,0.0022990708,-0.02679845,0.013181857,-0.020162925,-0.023679212,-0.062368188,-0.030620174,-0.051664017,0.032378167,-0.06721587,-0.009161797,-0.017153064,0.0030497317,0.028333992,0.047608364,0.009271731,0.016699156,-0.011114104,-0.06552592,0.008455418,-0.050543733,0.06465071,0.019024678,0.0048864507,-0.0071086176,0.032868233,0.048371755,-0.0035066467
0.042373314,0.02706978,0.035537202,0.009607976,0.015004288,0.009057572,-0.07903834,0.0086285,0.052532677,-0.0070494604,0.034710027,-0.046526078,0.045155037,0.008271472,-0.043309372,0.037988253,0.0023842517,-0.020094808,-0.024769947,-0.0655658,0.04247588,0.05624616,0.05640382,-0.04586183,0.041901283,0.036071338,-0.008732355,-0.0266634,0.06297813,-0.0668577,-0.008552165,-0.06444399,0.07788864,0.03734875,-0.059744623,-0.074192986,0.023691297,0.024530187,-0.023906564,-0.058394905,0.072281025,-0.05906266,-0.0048647756,-0.012500011,0.00094467634,-0.019112336,-0.0776301,0.009730569,-0.066585325,-0.048377194,0.07465813,0.04792083,-0.047950648,-0.018551892,-0.011327507,-0.024669336,-0.008898785,0.067164995,0.0682604,-0.020305987,-0.014654838,-0.025662417,0.019574888,0.03059012
