uri_emb_0,uri_emb_1,uri_emb_2,uri_emb_3,uri_emb_4,uri_emb_5,uri_emb_6,uri_emb_7,uri_emb_8,uri_emb_9,uri_emb_10,uri_emb_11,uri_emb_12,uri_emb_13,uri_emb_14,uri_emb_15,uri_emb_16,uri_emb_17,uri_emb_18,uri_emb_19,uri_emb_20,uri_emb_21,uri_emb_22,uri_emb_23,uri_emb_24,uri_emb_25,uri_emb_26,uri_emb_27,uri_emb_28,uri_emb_29,uri_emb_30,uri_emb_31,uri_emb_32,uri_emb_33,uri_emb_34,uri_emb_35,uri_emb_36,uri_emb_37,uri_emb_38,uri_emb_39,uri_emb_40,uri_emb_41,uri_emb_42,uri_emb_43,uri_emb_44,uri_emb_45,uri_emb_46,uri_emb_47,uri_emb_48,uri_emb_49,uri_emb_50,uri_emb_51,uri_emb_52,uri_emb_53,uri_emb_54,uri_emb_55,uri_emb_56,uri_emb_57,uri_emb_58,uri_emb_59,uri_emb_60,uri_emb_61,uri_emb_62,uri_emb_63
-0.026704006,0.011183932,-0.030462252,-0.0049388926,-0.016490329,-0.053466327,-0.020446822,0.021660347,0.057980567,-0.010607811,-0.0013642563,-0.038330153,0.021153403,-0.042734455,-0.040463194,0.011837982,0.027473668,-0.022363035,0.020270843,-0.029319344,-0.03266564,-0.00477228,-0.06684075,-0.021807916,-0.024559852,0.042443648,-0.0009618828,-0.019992555,-0.012403356,0.028833989,-0.05417464,-0.009205526,0.057087433,-0.019006314,-0.011278392,-0.05541275,-0.047605157,-0.009722638,-0.00956622,-0.012651283,0.022038748,-0.010635413,0.05268271,0.02969935,-0.031179247,0.0025382943,0.017817058,-0.016738119,-0.021270689,0.019717922,-0.067456104,0.0034826542,0.056636844,0.036610425,-0.00017433654,0.057815928,-0.0320964,-0.022594377,0.019122954,0.0030588838,-0.0073783593,0.016888162,0.010214215,-0.0231467
-0.038510572,0.018253583,-0.019631933,-0.05828152,-0.02415398,0.027311642,-0.05238909,-0.01666325,0.0026254323,0.04333002,-0.019547068,-0.026885988,-0.017920947,0.030742198,-0.025706178,-0.008138984,0.046349347,0.011975204,-0.035484415,-0.01942107,-0.009185187,-0.021627635,-0.04094103,-0.008206444,-0.027068196,0.01369953,0.004603049,0.051956236,-0.034424722,0.021970432,-0.010843961,0.026914127,-0.019371647,0.003737228,0.004254692,0.029566452,0.04425578,-0.002842084,0.057118855,-0.024783742,-0.045902263,-0.023177747,-0.044369143,-0.025182515,0.065694384,0.0052729477,-0.017677909,-0.04755117,0.03752855,-0.05036396,0.06453633,-0.0047938563,-0.028794147,-0.024875768,0.008124852,-0.019932145,0.030351484,0.039290644,0.0016957676,-0.039566483,0.003403823,-0.039407242,0.011356587,-0.0130014755
-0.0250997,-0.040274683,-0.05972974,0.006408856,-0.014549678,0.053505834,-0.017535197,-0.063393354,0.01119342,-0.009204115,-0.027700923,0.0005516277,0.03167643,0.0027691224,0.04973017,-0.006384633,0.0334627,-0.04459084,0.0481664,0.017610582,0.052999195,-0.036232937,0.028725093,0.0034347451,0.024626214,-0.057578832,0.030201832,-0.027161947,-0.04089948,0.034445003,-0.06477877,0.054493804,0.018285656,0.0008981899,-0.04375884,0.034348655,0.026171802,0.017189164,0.05400123,0.023863213,-0.038774796,0.0030043246,-0.03222535,-0.03294053,-0.0309799,-0.02264031,0.04777998,-0.0023224766,-0.019451274,-0.059272703,-0.02456988,0.0134204645,0.04366373,0.029925603,0.05389124,0.017605394,-0.059356075,-0.0024769756,-0.046624165,-0.04021809,-0.022607878,-0.0476323,-0.02140063,0.02955309
0.010024187,0.0051833787,0.0041178516,0.02650824,0.009567912,0.06465124,0.016676176,-0.064301826,-0.034620713,-0.05297429,0.002809258,-0.016205141,0.046376567,0.03199761,0.048490357,0.044015087,-0.0045800554,0.06263735,-0.022718156,0.039933592,0.017246157,-0.019174209,-0.027671866,-0.029898405,-0.038588006,-0.021451958,-0.017102066,-0.033209294,0.020202665,0.033654142,-0.0615578,0.022067433,0.011972861,-7.8562094e-05,-0.049894363,-0.0028708177,0.0049880403,-0.051330477,-0.0025830069,0.028488494,0.0537308,0.049530726,-0.042198695,0.03909559,-0.021645641,0.018745359,0.0334774,0.013924567,-0.0036035273,-0.025888022,-0.051493894,0.013011457,0.0038087433,0.020805446,-0.029315408,0.028708547,-0.0050313137,0.005966329,0.015144776,0.051102325,0.006589772,-0.028916376,0.016698174,0.0052046967
-0.055737566,0.062079836,0.055218674,0.032876577,-0.044160377,-0.030698542,-0.03807153,0.002618393,-0.010944397,0.044247463,0.06705957,0.028804371,0.031834476,-0.032653794,0.026090417,-0.019659808,-0.005811926,0.021990601,-0.03444177,0.0061080344,-0.022810137,0.0033506984,0.01822699,-0.020697266,0.022458298,-0.035341084,0.004708811,-0.036297172,0.031269904,0.036756746,0.009175564,0.03092021,0.01673314,0.028094541,-0.0058549545,-0.01538006,-0.006765223,-0.027923314,-0.042946503,-0.06526806,0.032985628,0.01594016,0.0062112035,0.013322954,0.021079022,-0.023558442,-0.005038358,-0.014424098,-0.021094406,-0.019986592,0.021767117,-0.029221287,0.021088524,-0.0019472875,-0.022957105,-0.03103004,-0.067676365,-0.0026810118,0.049335174,0.047409933,-0.05123555,-0.05687617,-0.06064658,-0.00782643
0.028472232,-0.029717008,-0.026656728,0.025888255,-0.03664729,-0.042003382,-0.05853458,0.028037509,-0.0003664774,0.026888255,-0.033426847,0.012262913,0.016860047,-0.06468035,-0.053257458,0.0676494,0.015989775,0.012943576,-0.0003850634,-0.009418347,-0.045710195,0.012636244,-0.023570543,-0.03391132,-0.06144088,-0.05883313,0.02363491,0.0288069,-0.05295099,0.04015616,-0.057230387,0.060405966,0.051182605,-1.774868e-05,0.03816731,-0.055664577,-0.010859298,0.052404583,-0.032330643,0.055947635,0.060049675,-0.066619076,0.00844891,0.0014139251,-0.04955315,-0.0097183585,-0.023462463,0.029664893,-0.055362567,-0.026685538,0.026291996,0.029091403,0.059303258,-0.045345888,0.05918264,0.026769556,-0.014836908,0.032286968,0.049524408,0.021644661,0.042932842,0.0044178255,0.031575426,-0.038615536
-0.0086909905,0.0071466845,0.029900739,-0.027514335,0.036243692,-0.010490246,-0.05132251,0.059294123,-0.013460939,0.020809853,-0.032433223,0.060599245,-0.06691137,-0.0034812745,-0.0323972,-0.022916436,-0.05509784,-0.0031814796,0.0049727648,0.008006381,0.013607677,-0.03514753,-0.0074502565,-0.05098944,0.059011556,-0.02153081,-0.049099278,0.032358702,0.04278354,0.01021285,0.009752357,0.046939388,0.036536478,0.014877216,0.03456638,-0.015572323,0.016115839,-0.04006511,-0.041437246,-0.013339845,0.0192556,-0.008452639,0.020543776,0.024429765,-0.014247642,0.061638147,0.027231779,-0.060288172,-0.032013137,-0.034691583,0.016620832,0.0208761,-0.011410099,0.029428655,0.012894898,0.002420835,0.045048755,-0.024872176,0.035382956,-0.030968228,-0.047861975,-0.060377885,-0.04526184,-0.012806411
0.066657305,0.02538625,-0.0018216942,-0.00080327573,-0.0031898557,0.018653704,0.027036047,-0.056889318,0.029040815,0.041555077,-0.0018641872,0.06615293,0.061330803,0.04439153,0.001635236,-0.04889787,-0.008203872,0.049037173,-0.00034303818,0.0042732805,0.051290795,-0.0071139,0.028591825,-0.040373772,-0.014019502,0.030346207,-0.030094618,-0.008308385,-0.06603253,0.02354532,0.051448975,0.043997046,0.036503334,0.056371305,0.003381501,0.0005375675,-0.06519856,-0.013523957,0.0023019384,-0.003087602,-0.012901652,-0.013132093,-0.01732617,-0.052053455,-0.02792839,-0.028661413,0.022655345,0.021064706,0.021218468,0.03174139,0.039941717,0.061344307,-0.053970285,0.06680229,-0.028565641,0.05368746,-0.012038601,0.03341059,0.018619776,-0.028006634,-0.06588592,0.006065699,-0.04725267,0.014411061
-0.024359517,-0.061362814,0.04865837,0.017025797,0.04227991,-0.016451806,0.009609258,-0.0076552043,-0.021721987,0.057364814,-0.05983686,0.022954581,-0.021066329,0.010866439,-0.015076296,-0.025440076,0.031853743,0.047437526,0.058896955,-0.0085263755,-0.020644033,-0.030917726,0.047741223,0.04396883,-0.021905016,-0.009064489,0.0008201787,0.055200923,0.017982006,0.025805524,-0.022527324,-0.023088284,-0.023288801,-0.014479753,-0.016902385,-0.056096844,-0.014673227,0.026561065,0.014096774,-0.00858497,0.006185737,0.05899494,-0.024248913,0.013346342,-0.0142855,0.04854856,-0.025886651,-0.05537713,0.053328533,0.06606657,-0.0311984,-0.04834418,0.05950041,0.014583496,-0.066318765,0.01898718,0.047988478,-0.0021280576,0.012957625,-0.048803613,0.006205693,0.055461988,-0.060084436,-0.063922904
-0.051828943,0.019256001,-0.026407745,-0.021633476,-0.005350136,0.0066118934,0.04553242,-0.027022442,-0.03153748,0.018936617,-0.03077023,-0.00346483,0.026407562,0.006229396,-0.013492869,0.044123925,-0.041811295,0.005059313,0.013799798,-0.00977581,0.01680863,-0.0147453975,-0.011892558,0.030765945,0.0444676,-0.04570749,0.028574558,-0.0025189,-0.02105376,0.024403585,-0.027777161,-0.05225397,0.006554215,-0.015935175,-0.045522977,-0.021781636,0.022007182,-0.02820926,-0.02382297,0.008068961,0.015696725,0.021609338,0.015187002,-0.00648205,-0.03867371,0.051170744,0.06391824,0.037060816,0.0243798,0.022111028,-0.029796116,-0.01928272,-0.007159838,-0.05919737,-0.040028647,-0.01975847,0.020085094,0.0062170657,-0.064149715,0.042418424,-0.01411464,0.001520338,-0.03293166,0.030481918
-0.02724172,0.018211113,-0.012792772,0.016442811,0.061003987,0.003978635,-0.031912588,-0.04868763,0.028074665,0.007410372,-0.011937334,-0.019280462,-0.02571303,0.020103047,0.037459213,-0.063608706,0.025346672,0.015294426,0.029396594,0.00386204,0.019271258,0.05394907,0.052993614,-0.011460879,-0.032844305,0.008787559,0.031075902,0.03236307,0.014901932,-0.009799741,-0.06273414,-0.05803635,0.06327039,0.026617903,0.046308942,-0.05162457,-0.014033386,-0.043927077,-0.007957142,0.0028680363,0.046632517,-0.006936097,-0.052386705,-0.02239903,-0.03734184,0.019630311,-0.0408363,-0.010890567,0.005671151,-0.053874623,0.04671701,0.041764256,0.009749215,0.0024292911,-0.0011014107,-0.010232901,0.010882472,0.015392594,0.008679166,0.05910671,-0.053212486,-0.017954571,0.056620173,-0.025231443
0.067507185,-0.020815585,0.028827196,0.059789207,-0.04437075,-0.06723718,-0.012504715,-0.017011669,-0.0444482,0.0013084327,-0.027637806,-0.018397216,-0.020997688,0.004981037,0.02638075,0.065037176,0.022560637,-0.01945974,-0.05910556,0.030135749,0.058126155,0.04810955,-0.002134359,0.028152524,0.0057833074,0.04030426,-0.056522597,0.01175445,0.009439463,0.022928074,0.035024118,0.026511008,-0.018795801,0.053672574,-0.024415035,-0.049721472,-0.014579507,-0.004303641,-0.036120947,0.027307136,-0.059593417,-0.026795091,-0.0042248205,0.035080045,-0.009782525,-0.036543764,0.034806523,-0.033260483,0.046875224,-0.027456392,-0.029747572,-0.018640319,-0.055509627,-0.0066695875,-0.015693918,-0.024444751,-0.054378882,-0.036846098,-0.022271425,-0.016119573,0.0024431746,-0.040470902,0.026420642,0.012483967
0.0076307994,0.0315634,0.058011327,0.043618906,0.027253829,-0.0027428837,-0.06386894,-0.029003613,-0.04275428,-0.030303467,-0.008230754,-0.063104086,0.0032837864,-0.013467203,-0.017881101,0.043967012,-0.065632045,0.0017243081,0.06560475,-0.02171473,-0.021722326,0.018010002,0.039311036,-0.041985184,-0.034872428,0.024460323,0.0028092363,-0.0016598955,0.06426214,0.054405022,-0.04399436,0.046896152,-0.056335095,-0.033870596,0.0537101,0.020252451,-0.0030239453,-0.0612528,0.05526072,7.238559e-05,-0.0667674,-0.029064972,0.0524514,0.0016065241,0.061265152,-0.017654764,0.02392611,0.01390524,-0.04278311,-0.023872903,0.004470683,0.028221903,-0.022796812,-0.026570369,0.0005257505,-0.006811307,-0.028437797,-0.0018523792,-0.04956907,0.0019257525,-0.050895922,0.035407994,-0.027067693,0.009932133
0.024184871,0.029305376,-0.018511651,-0.009695822,-0.006289902,-0.04929556,0.03509394,0.0025719844,-0.017361239,0.019277904,-0.044620395,-0.0063465913,-0.049395856,-0.0097739035,-0.020613136,-0.0053412365,-0.054991934,-0.04606382,0.00051617844,-0.006240109,0.02657259,-0.0116023645,-0.019974895,0.039854344,-0.051687136,0.022374418,-0.05377352,-0.028909285,-0.0055640275,0.0030699766,0.06502083,0.0107272,0.01979779,-0.024311822,-0.008824599,0.04349524,-0.017435985,0.011337875,0.013382927,-0.028650237,0.06246789,-0.033868354,-0.02183192,-0.014026126,0.027699675,9.9668774e-05,0.015000406,-0.031466767,0.025505606,-0.028744241,-0.056782532,0.013761405,0.048463248,-0.02612244,-0.013852135,-0.008280938,0.057171337,0.04474797,-0.025788164,0.0018285481,-0.03445458,-0.025531514,0.029015599,-0.012572573
-0.04884531,-0.028920352,0.02867745,-0.008811977,0.033933785,0.051228978,-0.033899114,0.050149065,0.0050713243,0.06680992,-0.027170507,-0.017226685,0.0361392,-0.017346773,0.008341759,0.020815255,0.048571303,0.05266611,0.0011107443,0.021263499,0.034347765,0.019189885,-0.060917553,0.059437644,0.042780336,-0.063174866,0.06619086,0.059259918,0.048138667,-0.021203345,0.009059627,-0.024654284,0.024759298,-0.007954381,-0.05258158,-0.02016054,-0.033409882,-0.0207572,-0.045049,-0.044312973,-0.008255216,0.011262104,0.008411078,-0.01718855,0.048230197,0.012447078,-0.066215195,0.013625981,0.013545197,0.026087258,0.034136526,0.033082683,-0.056869093,-0.048837874,-0.017847467,-0.014803922,-0.036345307,0.022634625,0.010500874,0.050806284,0.041117676,-0.011773383,0.044654787,-0.016454026
0.04368506,-0.026202511,0.0010660787,0.043719508,0.052142795,-0.02392139,-0.019184254,0.058135055,0.040791888,0.0013154031,-0.032740865,-0.06561156,-0.03137247,-0.012732962,-0.013823032,0.023882518,-0.030339591,-0.022079611,0.014175626,-0.06463456,0.043766066,-0.021548845,-0.03079003,0.063221775,0.044995587,0.019987864,0.007603237,-0.03794223,-0.021202484,0.009280984,0.02400517,-0.012877933,0.03342267,0.02168771,0.04862562,0.030959526,-0.014142029,-0.014463412,0.044366717,0.06494826,-0.040177252,0.06617748,-0.009193504,0.025721127,-0.048348982,-0.02466638,-0.023628565,0.060494173,-0.007980369,0.044769708,-0.0010139724,0.06349245,-0.016311238,0.027772987,-0.014151418,-0.049241435,-0.0101160575,0.03693422,-0.013736105,-0.022829153,0.008803875,-0.048894487,-0.051383674,0.027584618
-0.0011033035,0.012196355,0.049903147,0.014175653,-0.03997365,0.0033448816,-0.0029650966,0.028373355,0.006035403,0.030818032,0.008898074,-0.03220517,-0.033248436,-0.0061308425,0.053154904,0.01712721,0.065743126,-0.056770135,0.06164546,0.030423047,-0.0050446982,0.0011908805,-0.008775971,-0.027573887,0.017845193,0.062376685,-0.0044850563,0.0056113782,-0.035673853,0.033019472,-0.0075840834,-0.06764269,-0.030385358,0.04352217,0.059673343,0.049808454,-0.031771615,-0.03629373,0.0137680005,-0.04919265,-0.016227845,-0.018059824,0.032305766,-0.015758062,0.016525002,0.019505363,0.05765983,0.004650585,-0.01622925,0.059128307,0.061009966,0.04700724,0.041425437,0.045693923,0.014626774,-0.0051605646,0.056284312,0.03598979,0.019359563,0.009455071,0.028194899,-0.043098867,-0.062487505,0.042479917
0.015280035,-0.031617936,-0.022999926,0.0030353046,-0.024227062,0.038429953,-0.019040054,-0.0030626988,-0.017629135,0.007326145,0.033576284,0.053552955,-0.018620811,-0.009485408,-0.013771923,0.0617424,-0.0248778,-0.011545036,-0.061689418,-0.042446602,0.014419098,-0.0539989,0.047837976,-0.027453817,0.02770141,0.046060354,-0.030521667,0.005429154,0.0052215694,0.011711516,-0.029962324,0.0124708945,0.04341397,0.013135872,-0.059409667,-0.008691318,-0.026341058,0.035710055,0.0217483,-0.008077357,-0.036897846,-0.029375028,0.019624671,-0.023794563,0.028583424,-0.017440233,-0.018030668,0.009072281,-0.054023452,-0.02946835,-0.053261053,-0.016380847,-0.009528502,0.006467829,0.0036351187,-0.03915737,0.054000102,0.04646529,0.029075751,0.0026537394,-0.016282948,-0.060399465,-0.03582979,0.009369763
-0.04529956,0.0021268488,0.036191896,0.0067721307,0.017027743,0.023318127,0.028432013,-0.03813863,0.061766848,-0.017457634,-0.02210681,0.05747928,0.03740674,0.014684886,0.0030270554,-0.027390426,0.01085717,0.0063845487,0.023294466,0.021630352,-0.023819095,0.027187105,0.026878905,-0.060752828,0.019986968,0.009564259,-0.057089426,0.045512512,0.029049873,0.05722382,0.014880626,0.03343621,0.017888745,-0.036120903,0.061277114,-0.016743738,0.030309638,0.057384014,0.02697621,0.055282775,-0.03149917,-0.006541041,0.034566224,0.0004714632,-0.034315243,-0.02526566,-0.00673147,0.037240587,-0.003012305,-0.006120322,-0.062318116,0.018367521,-0.0077222483,0.005480719,-0.052975252,0.016804233,0.015392514,0.020753374,0.015583397,-0.053948883,0.008814677,-0.046257712,0.065309845,0.042790506
-0.004291002,-0.023342418,0.03480493,0.014785751,0.03693186,0.055779736,-0.004486429,-0.038374085,-0.03375146,0.029665167,-0.031576354,0.025391323,-0.024057167,0.01951676,0.05880929,-0.005774607,-0.059743293,0.029747026,-0.043498762,0.064279035,-0.031784967,-0.026479362,0.009310756,-0.0079809455,0.014747189,0.045593094,-0.021770505,0.027359102,-0.037532065,0.027638718,-0.0029906442,-0.025709039,0.025257457,-0.012987132,-0.03597729,0.02189716,-0.0616458,0.04724535,0.0037172923,-0.05134339,0.0091883615,0.020615194,0.043097414,0.06112747,-0.04417077,-0.027822042,0.053135265,0.021546358,-0.033943158,0.013632336,0.06130707,-0.010547077,0.02867488,-0.013945727,0.037627023,0.031397685,0.022678278,0.019852713,0.0143111,0.063811384,0.059354763,0.019585457,0.0069307173,0.048549633
0.019828677,0.05505987,0.03111363,0.046858333,-0.034714572,-0.029157136,-0.0325893,-0.030814702,0.055534057,-0.008460897,-0.032555625,-0.057852164,-0.0317663,-0.0144466385,0.029059643,0.0106352875,0.030926637,-0.04110376,-0.0667701,-0.025889056,0.029635897,0.015781244,0.03039362,-0.018570703,0.010100615,0.029697841,-0.059151165,-0.014322684,-3.869424e-05,-0.01595644,-0.06371808,0.01710208,0.01662526,0.0012786798,0.05102925,0.010153377,-0.02710824,0.0063072653,0.012584325,-0.05713374,0.016980028,0.018374462,0.0071648257,0.0051736115,0.031067139,-0.030101148,-0.027966367,0.014497257,0.04333014,-0.0537662,0.006659801,-0.036076065,0.053418823,-0.0306318,-0.061364587,-0.010131416,-0.044912398,0.006596035,0.0454306,0.03870277,-0.037673645,0.008704954,0.06608145,0.035311848
0.0023315516,0.021261934,-0.0096616745,0.040002946,0.044155926,-0.01769644,-0.026155882,0.02766268,0.010683907,0.0024770168,0.014743018,0.047056124,-0.04429809,-0.03623499,0.018102128,0.035189062,-0.024758112,0.013708791,-0.012149413,-0.009738184,0.033678476,-0.014316373,0.01311324,0.054000836,0.0035083736,-0.006618014,-0.03149283,-0.041494936,0.024815809,-0.051019352,0.025508488,-0.015669739,-0.016011672,0.038382865,0.00796908,-0.06656922,0.025376976,0.06546827,0.046998233,0.055003718,0.014242231,-0.034326985,-0.009085435,-0.041183457,-0.036489587,0.019968336,0.0074903076,-0.03025087,-0.030797523,0.06669316,-0.03932354,0.010502487,-0.014017272,-0.030027525,0.0343469,0.034024615,-0.018368129,-0.013514883,-0.043955803,0.02134157,-0.027523072,0.010706065,0.020203622,0.019409727
0.017253427,-0.006566198,0.008875191,0.05620571,-0.0011114129,-0.002957986,0.056852356,0.022257706,-0.01095255,0.001149355,0.009224786,-0.005695118,-0.025391428,0.061263803,-0.043827865,0.019486122,-0.023229722,-0.03221736,-0.05324961,-0.041766852,-0.024038132,0.041022994,0.04086659,0.040031184,0.017323144,0.021297388,0.01660582,-0.033303138,-0.024732776,0.012727758,0.008757876,-0.0047237915,-0.056238603,-0.04058291,0.018221553,0.017712515,0.043630905,0.019637821,0.029328398,-0.056226507,0.016767278,0.022060158,0.006590763,0.04132295,0.0059353327,-0.023535078,0.060756862,0.016093768,-0.0165807,0.03121537,0.023332704,0.028815225,-0.04479726,0.017276235,-0.05430817,-0.033494607,-0.043110557,-0.035244334,0.06003563,0.062193267,-0.059812672,0.029672623,-0.01333593,-0.0042252596
-0.022573126,-0.022264224,0.049498707,-0.019233512,0.03667868,0.020583244,-0.011252488,-0.031636965,0.03288956,-0.030857561,-0.06509732,-0.05706731,-0.024219831,-0.026579937,0.01538522,-0.046239678,0.033378858,0.039859094,-0.014569057,-0.05205048,0.024953892,0.02743227,-0.034091756,0.003862614,0.06444359,0.04363382,-0.03702505,0.02782596,-0.030700294,0.0068487455,0.00291685,0.0059978645,-0.009082251,0.031870253,0.06361813,-0.0033692722,-0.0116846,0.0025444399,-0.051712573,-0.02803454,-0.0604652,0.022552956,0.031304006,0.035524465,0.033718653,0.053848494,-0.006591829,0.050010145,0.030808644,-0.006729512,0.008501454,0.0076162647,-0.044610582,0.063694745,0.015126511,0.063024074,0.0053679906,0.017050784,0.0069788005,-0.03334635,-0.06461049,0.006447075,-0.028154742,-0.008700369
0.021261068,-0.0035238026,-0.054794442,-0.05205763,-0.06218015,-0.013130442,-0.0326213,-0.032709893,0.022312561,-0.012277169,-0.027011534,0.0085377395,0.0084447935,0.042287055,0.045288656,0.009247346,-0.059775088,-0.015804974,0.026340524,-0.039677843,-0.049614575,-0.03353054,0.037218772,-0.0014034414,0.03141717,0.006719468,-0.027934525,0.0056423806,0.013157085,-0.055923346,-0.009266786,-0.0016081276,0.0011046558,-0.06518468,0.036105793,-0.0077833715,0.027616099,-0.0007342451,-0.022999749,-0.0065674023,0.0264646,0.03540566,-0.030166458,0.011973372,-0.026487714,0.033643246,0.031265166,0.028297435,0.063426875,-0.048122015,-0.042789236,0.022371102,-0.0015707109,0.057800874,0.022957155,0.01134248,0.018053202,-0.009208857,0.0037169582,0.05864671,0.025607476,0.02008966,0.003724819,-0.050093625
-0.021717189,0.011910929,-0.04766742,0.026477307,-0.003632578,0.019478582,0.045682497,-0.058592264,0.02583606,0.004268321,0.02993762,0.036463942,0.0074343695,0.020808805,-0.028006705,0.03494839,-0.042405374,0.025645003,0.0003963011,0.03388302,-0.048697073,0.008811043,-0.0073337727,-0.009466285,-0.02243818,-0.0012326743,-0.011481329,0.01100765,0.0047167786,0.0010090941,-0.017973248,-0.021261249,0.00041243585,0.022276802,-0.014744534,0.05451694,-0.06312369,-0.042386323,-0.059778657,0.0012893993,-0.036831126,-0.054183174,0.0221709,0.0034564703,-0.004287478,0.06272937,0.0014764086,-0.01347724,-0.064296454,0.004774427,-0.018865718,-0.026874352,-0.054782555,0.020823685,0.016722405,0.027116654,0.008481627,0.0054402696,-0.061215095,0.059954528,0.0139529,-0.03658167,-0.06141898,-0.048027493
0.009969308,-0.034998048,0.019395273,-0.017714664,0.025126504,-0.05819919,-0.02278492,-0.014424965,-0.00205677,0.006433395,-0.040635735,-0.017526746,0.03324763,-0.009637934,0.015342431,0.034492496,-0.036374953,0.063612305,-0.054642,0.028060358,-0.02340722,0.04646531,0.056305494,-0.026430802,-0.03707192,-0.014563458,-0.01091253,0.031015666,-0.012780304,-0.005482766,-0.025889035,-0.013062079,-0.0140729025,-0.0037078443,0.047115617,-0.053212695,0.04029793,-0.054841798,-0.013152852,-0.021109337,-0.020226052,0.052193288,0.0029601976,-0.0020337952,-0.02332104,-0.02596868,0.028795188,0.0040874854,-0.028592004,-0.041849542,0.015359364,-0.0031200685,-0.04350178,-0.047123536,0.023386674,-0.009726708,-0.00468952,-0.028901173,-0.027022995,-0.05920095,0.055119902,-0.045180555,0.037156153,0.03635944
-0.021211693,-0.06201358,0.032576934,-0.03055321,0.0019464905,0.06574067,0.06229826,-0.016415676,-0.06279497,-0.022540992,-0.0441474,0.0058444203,0.067399286,0.03402661,-0.06629482,0.04217443,-0.046337213,0.023941332,0.019814007,0.036758706,0.01330614,0.01043023,0.010097221,-0.03857755,-0.044720694,-0.062866636,-0.047556352,-0.047391206,-0.0038200826,0.004491481,-0.013998334,-0.020405991,0.0054261587,-0.014396431,-0.0419707,0.036181357,-0.018844202,0.06438801,0.04916716,-0.03316464,0.016473731,0.06737298,0.007620742,0.042095352,-0.0057445625,-0.030212898,-0.029130897,0.015840333,-0.01147494,0.006603859,-0.002911009,0.015043631,-0.0027725964,-0.034015775,-0.033307258,-0.04029349,0.045053605,0.01546518,0.0015391023,0.008890931,-0.010535871,-0.0126288235,0.040317338,0.016367134
0.012346385,-0.042650137,0.030785548,0.033464424,0.019270968,0.032698296,-0.023811642,-0.017693274,-0.027479999,-0.036087483,-0.015960718,0.05632714,-0.033739172,-0.032602064,-0.04622634,0.0663641,0.062200166,-0.006845776,0.052593093,-0.045676578,-0.04713802,-0.02711892,0.009241576,-0.029962601,0.010566751,-0.030654278,-0.002011427,-0.02377636,0.02977975,-0.023996864,-0.011821808,-0.06573477,0.026205339,0.06346334,0.041206777,-0.04623466,0.0035274683,-0.027759448,-0.014483626,0.007573682,0.04909882,0.025429148,-0.027001843,-0.009385454,0.030685233,-0.0007361907,0.04796992,-0.037442904,0.059722833,-0.011446562,0.0085453475,0.03493416,-0.030240672,-0.032513414,0.017247349,-0.061956447,-0.041912865,-0.03956427,-0.06269329,0.0013160594,-0.03347364,0.0050232364,-0.047327407,-0.057865564
0.0649553,-0.0060689533,-0.029157352,0.022744898,0.013778776,0.0090936925,0.06599282,-0.049708556,-0.007906195,0.022668311,0.06428277,-0.030163987,-0.02790772,-0.040969037,0.0073880646,0.010237687,-0.027723676,0.010016868,-0.06291076,0.05687767,-0.0016012145,-0.015575845,0.04817199,0.055532023,-0.043099575,0.0063335164,0.042341836,-0.05885232,-0.008345736,-0.012649934,0.06264442,0.030787967,-0.029645229,-0.011365087,-0.06129771,0.04935155,0.012441505,-0.007116897,0.05670197,-0.053153705,-0.02372782,-0.042556137,-0.027868824,0.009876495,0.03723404,0.0045146546,0.018676776,0.061877396,0.032113027,-0.0046344064,-0.059677284,-0.037463263,-0.02845021,0.0085200695,0.009348774,-0.02241584,-0.05235894,0.05141665,0.030307394,-0.021110866,-0.021903597,-0.032914814,-0.022007309,-0.06595102
-0.008099977,0.029839063,-0.027792932,-0.019815778,0.04676477,-0.03478814,-0.038903713,-0.035498668,0.023060203,-0.032280225,0.022059683,-7.07389e-05,0.054764114,-0.06517197,-0.015509631,0.011751512,-0.049205925,0.013202885,0.0008570312,-0.012582075,-0.005764503,0.027148321,-0.052023783,-0.051490847,0.02786985,-0.053684734,-0.02378525,0.030995732,-0.042056542,-0.039989457,-0.054627664,0.0461238,0.0530265,-0.05921452,-0.012296373,-0.06574465,0.01650046,0.034700688,-0.05774767,0.00423618,0.0022354785,-0.0014587708,-0.0029602158,0.04421899,-0.04511204,-0.04608541,0.009236918,0.059013482,-0.029806066,0.018072993,-1.4778518e-05,-0.058113154,0.052071966,0.06342423,-0.05591282,0.046867084,0.035145834,-0.009748101,-0.017111044,0.008681409,-0.0068624606,-0.008405008,0.030818446,-0.00061443506
-0.0120440805,-0.05592445,0.030132884,0.010462154,0.047130756,-0.022889145,0.054794148,0.040991172,-0.04667501,0.018295286,0.028276913,-0.010960259,0.03140397,0.0037265928,0.05281661,-0.0003609392,0.02279886,-0.051949166,0.033413704,-0.020716792,-0.005981948,-0.008519655,-0.06107197,0.0257202,-0.0037588892,-0.01581854,-0.012740689,-0.012647825,0.0069260984,0.0635998,0.027415875,0.06440401,0.061127167,0.033804104,-0.06589929,0.013457552,0.014621792,-0.018456344,0.04349833,0.052872624,-0.051739197,-0.022452625,0.026164006,0.03663533,0.006206449,-0.01373479,0.014900054,-0.029322289,-0.01473865,0.022406265,-0.055048857,0.021738403,0.013172835,0.04997539,-0.024152486,-0.026740571,-0.018022561,-0.0087299235,0.058673225,0.06028044,0.03286871,0.014335074,0.01785049,0.021146856
0.013918663,0.0017029244,0.012314854,-0.008079961,-0.013971266,0.015783967,0.014258081,0.011939088,-0.022157013,0.04059833,0.035442255,0.0010016919,-0.053066205,0.044391353,-0.061402913,0.027824936,-0.0036937434,0.0085592335,0.05740913,0.052403823,-0.025988363,-0.019593574,0.008586474,-0.039229635,-0.0056520663,0.0013862672,-0.014310549,-0.06458884,-0.009165389,-0.0337445,0.015974285,-0.058940165,-0.0025057553,-0.053093407,-0.002619984,0.06445401,-0.015814701,-0.06665968,-0.010981683,0.03509733,0.06478398,-0.01295553,0.059902377,-0.030312782,-0.025973339,0.054478575,-0.010851537,-0.03289891,0.056127727,0.026775235,0.024494106,-0.01805357,0.048285898,-0.0023118034,-0.060975052,0.04880882,-0.06538829,-0.011973391,-0.035697244,-0.005547446,-0.031785525,0.018055692,-0.012461055,-0.04349697
0.058721673,-0.045596566,0.04591299,0.00429825,0.026000015,0.014902958,-0.039667018,0.0010016976,0.008246198,0.016583726,-0.002458635,-0.058945075,-0.012756214,-0.048715543,0.0052656885,-0.00081786455,-0.036329772,0.0041374965,0.060575094,0.05818773,0.008003459,-0.02466628,-0.0103172725,-0.023287041,-0.009035635,0.0049844095,0.021356754,0.011244437,0.00766066,-0.040486112,-0.019174678,-0.031182839,-0.041554965,-0.0063075554,0.031198964,0.02095748,0.026425831,-0.036760367,-0.013058789,-0.0018366533,-0.04582532,-0.01883105,-0.020155808,0.0015468311,-0.0056079957,0.0539941,0.0329992,0.03824087,0.050114293,0.04756036,0.011561122,0.004790281,0.046127155,0.03286333,-0.023451982,0.037207916,0.0443437,-0.0003326158,-0.014783534,-0.015286295,-0.019677691,0.027360654,0.022448268,0.028950196
0.008287589,0.048060935,0.0066047614,-0.05874298,0.023095518,0.03247004,-0.018203253,-0.037426315,0.028072746,0.039125293,-0.0038102148,0.0047885654,-0.005964762,-0.0005951154,0.027177779,0.018881058,-0.036772117,-0.041163154,0.0062762024,0.0023641551,-0.028259443,-0.0053966246,0.043109503,-0.06247178,-0.06661927,-0.015139362,-0.006405709,-0.055670146,-0.034725435,0.014568823,0.013087563,-0.006639221,-0.025339121,-0.009580853,-0.01596668,-0.066812225,-0.0066783647,-0.065966755,0.0246425,0.06561344,-0.0635605,-0.035628177,0.00363201,-0.030669922,0.025053363,-0.03688644,0.022063795,-0.00080524955,0.00065575197,-0.03517827,0.058282405,-0.01769019,0.005309121,0.049875528,0.04459026,-0.025768353,-0.050013594,-0.060880095,-0.057542905,0.027069034,0.025087759,-0.016986694,-0.022143964,-0.012531906
-0.047160298,0.04150272,-0.016478369,-0.065209486,0.034308743,0.015897876,-0.026469555,-0.026748598,-0.031538185,0.05412666,-0.04730808,-0.039998136,-0.009750245,0.009412283,-0.021518063,-0.05459039,0.025637247,-0.0577044,0.047280524,-0.028628467,0.019315017,0.020836117,0.044407684,-0.023367608,-0.03106905,0.05582589,0.030789621,0.035659604,0.0255098,0.02953456,-0.025190087,-0.010863033,-0.0011643459,0.06351275,0.061062288,0.06349775,-0.044863798,-0.042312592,-0.037529998,-0.0018802402,0.026173687,0.06391373,-0.026212856,0.0052866894,0.03131194,0.026053756,-0.026365306,0.013182614,-0.02211407,-0.0563575,-0.011423122,0.022902036,0.032970343,-0.033225276,-0.012416988,-0.04331425,0.041480582,-0.012423889,-0.014512745,0.04577274,0.060670014,-0.009754673,-0.03544967,0.047043495
0.019440707,-0.02738364,-0.015873548,-0.059502188,-0.015449061,0.017802995,0.02015011,0.00081238773,0.002797571,-0.045437615,-0.022792228,0.013878667,0.0062305625,0.03881279,-0.0059291646,0.04780022,-0.025793327,0.010408507,0.028105898,-0.017574046,-0.028734539,0.022241198,-0.0031045335,-0.012056345,-0.051360667,-0.05945527,0.014558661,-0.040823057,0.036223076,0.0010448557,0.0390741,-0.040231746,0.0074749608,-0.028962117,0.01779656,0.013319643,-0.04051404,0.0664433,-0.06300457,0.00044166856,-0.044458967,0.033720512,-0.000502966,0.024606455,-0.015159429,0.033517342,0.019591182,-0.051983234,-0.01295345,0.01755805,-0.02605483,0.025383947,0.028537925,-0.022429312,-0.06371274,-0.06675685,-0.0009667934,-0.04190891,-0.003004605,-0.019259095,-0.0059971963,0.034389205,-0.00072917383,-0.0626899
0.00590555,0.0030436288,-0.04456971,-0.025101218,-0.012630648,0.00735218,-0.004502113,-0.00023061148,-0.036094937,0.024857014,0.055243034,-0.011077182,0.056080878,0.022901159,-0.0149270585,0.0123893265,0.04205253,0.059072126,0.017490607,0.024983138,-0.05300186,-0.012364372,-0.006950984,0.059840158,0.05841411,-0.021251138,-0.02157985,-0.045592975,-0.012932812,0.017348602,-0.0038604503,-0.0376364,0.050029993,0.009127891,-0.054367032,0.034699965,0.026847849,0.0036599291,-0.04906578,-0.016135443,-0.034142815,0.013878641,0.038689844,-0.064229205,0.03662713,0.025298001,-0.029612314,0.0649574,0.05938383,-0.05784038,0.01012975,-0.056769665,-0.010880615,-0.0039544445,0.031701252,0.010248978,0.023167046,0.065643795,0.04549922,-0.009889735,0.029318886,0.036525015,0.030322326,-0.022004105
-0.06004828,0.02922513,0.023805989,0.021885362,0.047527187,-0.05191156,-0.006942411,-0.030534511,0.061862916,-0.0007529344,0.008816596,0.041553166,-0.013541566,-0.021859465,-0.06492022,-0.024701383,-0.01347791,-0.025302816,-0.040406525,-0.019904787,-0.0390046,-0.067507036,0.052483693,0.026030783,-0.021246878,-0.050509505,0.041939665,0.031356268,0.0010948763,-0.04972119,0.05844174,-0.030770523,0.009470907,0.007665486,0.016910566,-0.017710602,0.014842325,-0.058974266,-0.029532628,0.032246765,0.025282575,0.03502318,0.0051574605,0.00015474245,-0.023650873,-0.014506853,0.037531294,0.051189862,0.024823051,-0.05528677,0.021517469,-0.063184306,0.025999753,0.02842042,0.06455041,0.048143927,0.014801117,0.017606268,0.007372358,-0.05488329,-0.040122993,0.05897647,0.0018862104,-0.015137149
0.03397203,-0.032659985,-0.017978799,-0.012054962,0.045692,0.017153122,0.04174137,0.06449711,0.020208562,0.026571978,-0.035037313,0.006589232,-0.058721572,-0.026345404,-0.008216271,-0.04192941,0.029690407,0.0011647186,0.036246747,-0.011519318,0.0309378,0.011510179,-0.028748324,-0.05973685,-0.04260653,0.010722234,-0.028807871,0.014959406,-0.0020073946,0.026170464,-0.009748552,-0.004904004,0.05745973,-0.013181453,-0.024681915,-0.045923673,0.011905138,-0.00899396,-0.009255366,-0.024961945,-0.0024335578,-0.0066671637,-0.037658527,-0.050348938,-0.007354452,-0.007391276,0.010527777,-0.034938212,-0.007983893,0.0021561333,-0.025501441,-0.044961654,-0.057838473,-0.049349576,-0.052200135,-0.024352351,0.03561669,0.06113738,-0.017698195,-0.050631553,0.031552665,-0.026919197,0.03560417,-0.02642606
0.028228333,0.04342674,-0.006976255,0.013383484,-0.050254684,0.00899939,0.062369134,0.035624653,-0.0075819883,0.049664035,-0.033604875,0.00095880765,0.05915954,0.019368205,-0.0061273603,-0.019980311,-0.0016816284,0.03320388,-0.04387734,0.01058572,-0.049432527,-0.023712682,0.026243327,-0.0026349653,-0.064489566,0.05708196,-0.0029985849,-0.026039902,-0.016323732,0.035821408,-0.005675396,-0.053166844,0.007876971,0.031226069,0.058693774,-0.013136589,0.024852935,0.04505653,0.049455613,-0.029059984,-0.020965716,0.025346944,0.016717412,0.013918948,-0.063104115,-0.016242784,-0.0062100515,-0.011643416,0.013341281,-0.03783215,-0.011341083,-0.010177606,-0.021330308,-0.019256674,-0.05613003,-0.033187855,0.037740685,0.031767268,-0.031448442,0.0649404,-0.061080042,-0.031194074,-0.031323757,0.024449542
-0.016597182,-0.03580696,0.0058168727,-0.029893836,-0.035845622,-0.026680032,-0.022431565,-0.0013910162,-0.029436663,-0.06769934,-0.02799195,-0.047230948,-0.01949027,0.058090974,0.023000041,0.016839726,-0.0025101213,0.009422239,-0.009827289,-0.032022163,-0.021789633,-0.024139918,0.040490147,-0.049607873,0.04237163,-0.04406266,0.025132876,0.00805614,-0.0052735237,-0.014769205,-0.015835578,0.020656908,-0.016812908,-0.025876874,-0.032272797,-0.016892094,-0.025415268,0.022794876,0.024893932,0.06422978,-0.0068125455,-0.03400755,0.006984834,0.023668608,0.0041842195,0.017513623,-0.04349558,0.010646148,-0.010417154,0.03188398,-0.009791112,-0.0010348775,-0.044483278,-0.06333252,-0.040044196,-0.040266186,-0.06468137,0.0060934597,-0.026859166,-0.048133966,-0.006429675,-0.018180383,-0.03479602,-0.052773844
-0.012561266,0.050104834,0.041749902,-0.016367534,-0.06344941,0.059937213,-0.009836261,0.010996366,0.06255201,-0.016456245,-0.019668043,-0.019999107,-0.002952232,0.039214414,0.020341383,-0.026442751,0.06657285,-0.056778155,-0.059952687,-0.04930295,-0.04383124,-0.038487066,-0.0033413782,0.025439685,-0.030284822,-0.0475808,0.018112035,0.0030851366,0.02774548,-0.04293068,0.056189083,-0.0029333483,-0.011706672,-0.016562447,-0.05581102,0.06073579,0.018590692,-0.0012129215,-0.01041303,-0.019062981,-0.05592192,0.028546494,0.064201504,0.066751175,-0.03291567,-0.018047651,-0.015363251,-0.004629915,-0.015152695,0.01943398,0.017173545,-0.041291013,0.03892322,-0.06521127,-0.060488936,0.01618482,0.0026056245,-0.027299473,0.0047107483,0.019173212,-0.025342057,0.032008164,-0.0036984696,-0.006547503
-0.05070667,0.027877089,-0.008687479,0.066383794,0.02126661,0.028385835,0.052745204,-0.026058856,0.01741423,0.0138116665,0.05182938,0.029321972,-0.011800552,0.03533324,-0.014473421,-0.058055814,0.04269661,-0.010057606,-0.0032528532,-0.0056260694,-0.02505717,0.0385132,-0.027583,0.012706678,0.026845425,-0.016917834,0.026367402,-0.06069123,-0.0022234023,-0.012126952,0.047882095,0.034739174,0.017601443,-0.060916774,0.027142389,0.01815295,-0.020968746,0.030948067,-0.033528384,-0.03145178,0.05904894,-0.057243943,0.008054812,0.013534905,-0.0023294273,0.018479664,0.008048533,0.01541298,0.030696057,0.0025981073,-0.002432372,0.0019080949,0.030012889,0.058665533,-0.045837674,-0.026033817,0.038527586,0.020575177,-0.021035217,-0.062134363,0.004955736,0.042582054,-0.0032593608,0.061398726
0.04515883,0.013919679,-0.014883699,0.022179727,0.04812872,0.03017406,0.052914586,-0.017734233,-0.061121743,-0.048351005,0.017076433,0.05910901,-0.01585256,-0.05318918,-0.011588367,0.008255468,-0.05022348,0.013708881,0.03177006,-0.0014708983,-0.025005389,-0.047979083,-0.02600398,-0.060348913,-0.06413308,0.02683532,-0.028767413,0.0012661059,-0.025354078,-0.0353677,-0.008294674,-0.0077717914,0.019175,-0.018646974,-0.02100774,-0.029808404,0.025009764,0.040930968,0.027337149,0.017890273,-0.012781603,0.0057223346,-0.048363585,0.02535335,-0.018697651,-0.016575485,0.039029207,-0.00432087,0.0019552286,0.022197215,0.01017202,-0.010143489,0.010839343,-0.022557445,0.045529872,-0.0627375,-0.04918539,0.01816724,0.0022890274,-0.040402543,-0.016904362,-0.019737573,0.028106317,-0.00344207
0.009321148,0.05145455,-0.052777834,0.037230883,-0.043571595,-0.041579675,0.058732186,0.03330494,-0.03402755,-0.03313305,0.0067429715,0.019386582,0.009888696,-0.051884126,-0.040164158,-0.029443221,-0.026986653,-0.0027261614,-0.028281987,0.053947914,0.042217456,-0.05933971,0.046860415,0.020854231,-0.051630564,-0.022524137,-0.028862305,0.041667767,0.06283491,0.046339806,-0.0020883915,-0.0589001,-0.050858546,0.059640292,0.02174652,0.0007116456,0.05733971,-0.03446282,0.0310688,0.06420656,-0.007333004,0.062040504,0.0066240793,0.0066368207,0.00213659,0.029492397,-0.020665215,0.01110115,-0.043692466,0.028973397,-0.02544675,-0.008947387,0.02002698,-0.032498486,-0.0050364845,-0.034284,-0.045538913,-0.047035206,0.05150544,0.0010153323,0.0021017145,0.058514148,0.008681359,0.023966305
0.05334583,-0.01585715,0.05628977,-0.010368308,-0.014264043,-0.065138206,0.031255603,-0.01443884,0.056965802,-0.048709366,0.030874835,-0.016021976,0.022897461,0.06473815,-0.024840072,0.030490823,-0.03400642,-0.00017764379,-0.03916886,0.05216775,0.055356815,0.0014159557,0.014521336,0.015089818,-0.0038626948,0.02418687,0.065490626,0.055923324,-0.049267072,-0.032992154,-0.012766856,-0.011483549,-0.0031497888,-0.061127882,-0.050797127,0.011591953,0.03007793,-0.0065473886,0.045551836,0.05221716,0.017412616,-0.014669726,0.0022650992,-0.060279157,0.011348686,0.015832707,-0.026522161,0.068589576,0.01709117,-0.019858029,-0.038057398,0.032218933,0.033273093,-0.0026805957,-0.032750163,0.04194719,0.03161852,0.051883787,-0.051674888,-0.04113065,-0.0038491308,-0.06269167,-0.022629207,0.036113553
0.03965112,0.019045088,-0.04404057,0.00996175,-0.017528402,-0.011198936,0.024883786,0.0073201703,-0.049438104,0.058137678,-0.045874245,-0.028099105,0.031256616,-0.013492417,-0.007816102,-0.0021665173,-0.027962439,-0.009325415,0.03045228,-0.051396728,-0.006159638,-0.018887997,-0.008571953,0.049731527,-0.016331952,0.05401065,-0.04788962,0.033145387,-0.011709088,0.040889725,0.008656377,0.01479714,-0.03342733,-0.03218825,-0.011308162,0.03109955,-0.030756377,-0.065486416,0.029438565,0.06593775,0.026889078,-0.06427803,-0.016689176,0.0014987774,-0.013446939,0.00899441,-0.004879063,-0.01524166,0.06524251,0.03968877,-0.04918678,0.0214564,-0.018370388,0.015227298,-0.044560436,0.032523036,-0.009207486,0.021108085,-0.025844036,-0.031780414,-0.026177904,-0.031173624,-0.04901238,-0.025751946
0.06597071,-0.023131898,0.060448766,-0.005026946,0.007893366,0.041457336,-0.01203165,0.04263112,0.015802084,-0.0060909633,0.02058361,-0.004642117,0.011806799,0.0018156851,-0.040981438,-0.01748171,-0.039201293,0.06431989,-0.028377477,-0.018622816,-0.024516793,-0.038001694,0.012870251,-0.04689349,-0.047907256,0.06619117,-0.021285653,0.0103220595,-0.016657878,-0.008789754,0.028087584,0.014405138,-0.0042403806,0.056363888,-0.012614321,0.0081381705,0.02862818,-0.0066825533,-0.0154063385,-0.061269756,-0.0052200835,0.021088148,-0.051814474,-0.0061167036,0.016526073,0.02505451,0.009044651,0.050209984,0.0014393795,-0.015810724,-0.023808984,0.024517579,0.014738253,0.06631941,-0.0066340966,-0.03376379,0.01008539,0.000527986,-0.030178664,0.0032437122,0.031269804,-0.0076628537,-0.037287828,0.055772055
0.011622893,-0.0119890785,0.0026007744,-0.02749566,0.010206132,-0.017409433,-0.031639636,0.022994105,0.013707251,-0.002956788,-0.02732457,-0.03005082,-0.05072457,0.034305714,-0.040731717,-0.034216035,-0.01557625,-0.00037039322,-0.02293223,-0.02912149,0.011963216,-0.023210628,-0.00516357,0.01102636,-0.025957141,0.0015815092,0.06514233,0.025808027,0.06074853,-0.023180367,-0.044387814,0.00404807,0.02221303,-0.02571519,-0.024367183,-0.005571894,-0.0020035668,0.047634628,-0.010667682,-0.03941236,0.035237357,0.023396308,-0.027269248,-0.023971962,0.057719328,0.04597736,-0.03946161,-0.048639573,-0.01801282,-0.023531849,-0.023160357,-0.0016805367,0.0049605547,0.030660132,0.024576085,0.04060114,0.047416016,-0.039680514,0.008262306,-0.0054936474,0.032832243,0.02814066,-0.0049817413,0.0558263
-0.01790477,0.052803587,-0.009348725,-0.016471764,-0.023302428,-0.0528258,-0.02097702,-0.04629758,0.006639724,0.019091586,-0.023630168,-0.060710862,0.044814464,0.054502107,0.015450365,0.03181786,-0.053175595,-0.0626136,-0.05160772,-0.03185446,0.01436372,-0.042406045,-0.045924164,8.813097e-05,0.018813066,0.021192422,0.03321246,-0.023128832,-0.027313761,0.047348075,-0.036154144,0.028049992,-0.024955219,0.006804971,-0.038570262,-0.013283889,-0.01684339,0.012394309,0.06566915,-0.015257388,0.03163705,0.05913112,-0.03249212,0.061801516,-0.00014762144,-0.05549899,0.04768857,-0.044095255,-0.008904305,0.0020385021,0.019531462,0.046998564,-0.03763849,-0.022963937,-0.040458,0.003621783,-0.027965203,0.044508595,-0.015377738,0.053690214,-0.03430052,-0.023616636,0.0438003,-0.01386775
0.02829844,-0.06456868,-0.025451533,0.03485958,0.0014233207,-0.05734185,-0.028076343,-0.013140599,0.028277349,-0.0026685456,0.03746915,-0.045419753,0.010997485,0.0036762296,-0.002232899,-0.026315901,0.015812231,0.0024975468,0.0018130129,0.056974098,0.027487062,0.031113548,-0.018582193,-0.03205925,0.019919775,0.00041066628,0.032499954,0.015025469,0.05664825,0.021164285,-0.023206217,-0.021361135,0.00012808773,-0.005883904,0.031759843,-0.02497796,-0.025672352,0.004482492,-0.0014529357,0.012680386,-0.057984125,-0.0028568883,-0.016405808,0.009977084,0.011955174,0.026637638,-0.022434622,-0.06574645,0.044154793,0.009631224,0.026046043,-0.06512973,0.028331716,0.019164853,-0.028732153,0.011044991,-0.008293906,-0.00993858,-0.008059952,0.028424917,-0.017666312,-0.05956785,-0.029339783,-0.00019660004
-0.006607006,0.022527834,0.022507526,0.038185004,0.0015475265,-0.009112814,0.01985253,0.06280039,-0.05194631,-0.038517818,0.031655792,-0.053357225,-0.05998167,-0.029791597,-0.05786287,-0.019893935,-0.020652808,-0.043621194,-0.030588578,0.03577492,-0.010070497,-0.0027317954,0.0010426574,-0.00089130586,0.05516088,-0.060948763,0.008133161,-0.04650101,0.038184296,-0.04718293,0.001715017,0.024427248,0.05422901,-0.025390057,-0.025015647,0.026580788,-0.032301024,-0.010553427,-0.054370362,0.020018868,-0.048652824,-0.0043150643,0.026764024,-0.033582013,-0.025051398,-0.03129525,-0.03348574,0.04805756,-0.031014916,-0.03265565,-0.041681662,-0.052028872,-0.029110748,0.022435501,0.027626932,-0.003189049,0.01848733,0.0067277905,0.0045595993,-0.062454484,-0.0216865,-0.006454219,0.024399262,-0.050206363
-0.004789573,-0.033349246,0.034161057,-0.030941933,-0.063398585,0.0059515163,0.043280363,0.066815026,0.039592087,-0.009986581,0.047527876,-0.035757195,-0.0076745083,-0.018060837,0.066496916,-0.03829902,0.008255497,0.057281412,-0.024939831,0.024179269,-0.042655908,0.026927188,0.01981035,0.002135635,-0.058109336,-0.006257171,0.055850755,-0.048198298,-0.020123009,0.060441624,-0.059015043,0.058676727,-0.03920486,0.017578807,-0.0568858,-0.049060464,-0.011774773,0.019065725,0.01068026,0.027266234,-0.03314005,-0.05413201,0.015721401,0.014910894,-0.061027452,0.000527749,-0.036223307,-0.00034680532,0.015328424,0.00461546,0.06804895,0.0016587051,0.011753076,-0.023381347,0.0004591992,0.019138739,-0.023518393,0.060692366,0.028668407,-0.019695317,-0.035756014,0.014388816,-0.0019612336,-0.023957923
0.060825948,-0.018814476,-0.03572007,-0.01943866,0.008349281,-0.038227923,-0.035448544,0.05969256,0.022832595,-0.012055925,0.007930738,-0.04274678,0.016960524,-0.010874485,0.039412253,-0.048458736,-0.0031748854,-0.0043999734,0.005462752,-0.010615772,0.06472254,0.04849738,0.025395898,0.042361297,-0.06417164,-0.021148007,-0.062090594,-0.03944152,0.027647663,-0.030133441,0.045367442,0.007979305,0.052500147,0.0012769203,0.004561827,-0.005545584,-0.016722448,0.019442488,-0.05308202,0.017884817,0.011516695,0.055274516,0.015746739,-0.05042746,-0.039487567,-0.016004426,-0.004626321,0.03228997,0.028771257,0.029556263,-0.02637943,0.035526983,0.030983105,0.031438973,0.05982711,0.0271444,-0.04657138,0.040508006,0.035550095,0.06186249,0.025003877,0.0059536435,0.058269832,0.015093333
-0.020692602,0.01995757,-0.022108765,0.0030557597,-0.0424204,0.0092820125,-0.014137671,-0.049889367,0.01793165,-0.018249745,-0.05161842,-0.0013884241,-0.039406158,0.01677444,0.039818607,-0.04757879,-0.0097841695,-0.06031248,0.054978553,0.056294087,-0.05102076,0.05991825,-0.045848817,0.06456754,-0.027042212,0.060935356,0.05114596,0.026077773,0.035146434,-0.027108865,-0.0030409966,-0.021470275,0.023289727,-0.043441344,-0.03929058,0.0062452853,0.0071700145,-0.0028636435,0.04687442,0.025600651,-0.009112708,-0.033046503,-0.030488735,-0.02936632,-0.01185084,-0.0060813427,0.01970134,-0.008867664,-0.06470091,0.008658081,-0.017270232,0.020163165,-0.021268282,0.018432422,-0.007910124,-0.05819112,-0.0055451104,-0.010976163,0.01895871,-0.04648759,0.039755262,-0.028792042,0.0141017465,0.019419897
0.035817735,-0.0061793285,0.055037633,0.009307722,-0.037319515,0.048833996,-0.058159042,0.023124823,-0.046269327,-0.01701633,-0.060682494,-0.0641406,-0.0043732603,0.017639134,-0.04665438,-0.0022510393,0.0026626345,-0.0011312494,0.033292484,-0.0028105914,0.0638836,-0.041730065,-0.0027095727,0.012613887,0.024866002,0.026761506,-0.029012091,-0.03520363,0.013141792,-0.04640847,-0.043985702,0.035429273,-0.03582046,-0.009969573,0.055803843,-0.01912116,0.0154013,0.043198586,-0.04305392,0.026569933,-0.026146952,-0.013887085,0.017378606,0.021584056,-0.02805407,-0.055859894,-0.021615403,0.03178435,0.03040782,0.015569941,-0.028275557,0.008148471,0.018914867,-0.043798722,0.024585236,0.027240472,0.025170758,-0.0009856096,0.055167418,0.031009538,-0.01764618,-0.013840725,-0.027636962,0.0019257858
-0.007410921,0.024018895,0.0070724357,-0.024673326,-0.007877785,-0.008455088,-0.044432946,0.026371365,0.06520259,0.01760122,-0.0035634662,-0.05892773,0.01454739,0.029510502,0.02082452,0.0012521886,0.028472418,-0.0662704,0.051578823,-0.00091119396,-0.052132923,-0.004666282,0.032600995,0.013586573,-0.050685614,-0.009572636,-0.044763472,-0.036334302,-0.05050395,-0.018149123,0.022118928,-0.014954008,-0.0593075,0.018385557,-0.056906715,0.054019004,0.0010870876,0.025358262,-0.05448767,0.025064839,0.0010265042,0.024055837,0.011813678,-0.0012816777,0.015829138,-0.0421539,-0.035719663,0.050867684,-0.010772065,0.015049329,-0.021452801,0.02427532,0.020038728,0.012669079,0.047739316,-0.0133093,0.05604407,0.00079146423,-0.013662254,0.01866655,0.0016432672,-0.026846528,0.040935062,-0.005332907
0.058497865,0.030837309,0.025038255,-0.020937668,-0.011134004,0.05322677,-0.028001707,-0.02458195,0.036114857,0.017557904,-0.040555015,0.02709573,-0.042370323,0.049547434,-0.029093368,0.03404543,0.027340611,-0.007841604,0.012647164,-0.02600688,0.03152629,0.06330057,-0.0068375603,-0.029946653,-0.010953809,0.016108064,-0.0569115,-0.043765217,-0.02603078,0.018810986,0.033726465,0.066042095,-0.03543488,-0.007069256,0.0040332014,0.022557072,0.007927652,0.01720796,0.036639653,0.0036102245,-0.02171737,-0.063551836,-0.020465193,0.051456682,0.046314668,-0.03426022,-0.0019354952,0.06499472,-0.014109097,-0.05128895,0.018871613,0.050862942,0.0025171102,0.012176023,0.01863414,0.040343903,-0.004423697,-0.028831495,0.023548542,0.03410408,-0.0603049,-0.017563801,-0.00743563,-0.0043347394
0.02489227,0.030047817,0.008326696,-0.057289544,0.0018398155,0.052875903,0.026385939,0.045147024,-0.01103509,0.014177098,0.011247962,0.04279777,0.035992987,0.0577041,-0.024913365,0.03772898,-0.010385312,-0.016284786,0.029407905,0.008777876,0.019680595,0.05369887,0.028040808,0.023712892,-0.012720463,0.008053442,0.024412416,0.005860511,0.032112185,-0.050010797,-0.00472738,-0.04944936,0.01611541,-0.05383094,0.03858683,-0.055248655,0.020976085,-0.046609372,0.023637068,0.001509699,-0.06690315,-0.03001393,0.011728689,0.002213017,0.025310688,0.028945878,-0.04453073,0.023964157,-0.026382241,-0.0021380195,-0.022601893,-0.04333083,0.008721198,0.023621248,0.0676805,0.04579312,0.047448516,0.014184901,-0.05789139,-0.0019753608,-0.06031336,0.04478259,-0.058944043,0.04130736
-0.016712934,0.058541797,-0.011246283,-0.024324466,-0.05907382,-0.0090724705,0.041335687,0.00012964499,-0.0035350868,0.018740408,-0.006398135,0.0011861853,0.017385233,-0.009341878,-0.032501422,-0.026221514,-0.06356294,0.0076884045,-0.05858243,0.030956764,-0.03475641,0.035095844,-0.006266762,0.023665218,0.0012967931,-0.011765676,0.05314507,-0.045221515,-0.009284537,0.02034231,0.028029993,-0.027710306,-0.023851708,-0.050331518,0.060596917,-0.008885711,0.0404514,0.015865251,0.045232657,-0.016918857,0.06205217,0.0068560066,-0.0105008,0.024393063,-0.022087403,0.0055855727,0.012433337,-0.038552146,-0.0022189,0.008785222,0.036079884,0.030843576,-0.028772287,-0.06350042,-0.01853019,0.00013158814,0.0017946567,-0.054275148,-0.026929425,-0.009890872,0.011640983,-0.053682715,0.030608078,-0.030883843
0.01645045,0.011273859,0.011078798,-0.051660404,-0.011472579,-0.03071357,0.01782047,-0.02360223,-9.522098e-05,0.016526077,-0.062588274,0.04165344,0.02902762,0.036056813,-0.060022518,0.023005676,-0.029837005,-0.057981636,-0.035723537,0.027783126,-0.024905367,0.066522665,0.048274923,-0.007684557,0.049293254,0.019400034,-0.020858092,0.006838394,0.009120555,0.060404494,-0.0174359,-0.008309658,0.008351566,0.011333478,0.04569,0.0063461275,-0.03171494,0.020552259,-0.02836699,-0.027815195,-0.030791353,-0.030608315,0.018978171,-0.002137589,0.0213846,0.011536359,0.0153002525,0.020587835,0.037747987,-0.015689904,-0.012077969,0.03221819,-0.05775628,-0.03013985,0.022574449,-0.0017313887,0.045699757,-0.024319673,-0.012403622,0.028751887,-0.0316407,-0.004178573,0.031970855,-0.06319746
0.0450399,-0.010770424,-0.05386816,-0.036408324,0.041691132,-0.019925607,0.04549987,0.053340346,-0.031092428,0.0068736947,0.028548887,-0.021811875,-0.020602154,0.059625506,-0.0076130214,-0.05560569,0.0090036,0.013986791,-0.013797142,0.021947794,-0.054476768,-0.06214558,-0.033805538,-0.019194294,-0.02501151,-0.03748482,0.042273276,-0.0008869592,0.024659492,0.020652248,0.055933245,-0.052477352,-0.02903502,-0.06305874,0.023062892,-0.02018744,0.03642674,0.037944652,-0.026602142,-0.009972083,0.0011649135,0.060456123,0.000105151514,-0.026253203,-0.06108945,0.054104313,-0.044401214,-0.013125003,-0.011984724,-0.014535281,-0.040465023,0.049186047,0.03318068,0.0024936227,-0.036257844,0.030249111,-0.034756396,0.010287159,-0.0047610234,-0.04236248,0.036363892,0.029535748,0.011099614,-0.008488292
0.008497389,-0.005078246,0.038343605,-0.007609616,0.06307316,-0.06366905,0.025601564,-0.021492684,-0.01649239,0.030140882,0.019760175,0.05304893,0.0051672673,-0.037032675,0.05531788,0.057662982,-0.007001399,-0.021421177,0.058492426,-0.027361678,0.013270678,0.027294155,0.04977847,-0.026495753,0.015181206,0.014270025,0.04537873,-0.024214292,-0.04548657,-0.029510666,-0.04698451,-0.015080722,0.0015322091,0.0209038,0.029945567,-0.017777704,-0.03189118,0.03057504,0.04223826,0.05460708,-0.011447086,-0.030077526,-0.053074494,-0.017558103,0.05696401,-0.06406307,0.06149784,-0.0027228873,0.056163263,0.037653364,-0.049635377,0.028345786,-0.03563333,0.008151338,-0.013964656,-0.013214652,0.010291454,0.029328464,-0.013704774,-0.01434193,0.025017785,-0.013311004,0.014372374,0.04863735
-0.007654675,-0.017911071,0.016792733,-0.0059224376,-0.037077326,0.037063763,0.030067038,0.05972176,-0.03466528,0.033111174,0.024988623,-0.019545352,-0.06487558,0.051806502,0.06511981,0.05544054,-0.028294872,0.06559136,0.0006102598,0.027576193,-0.026055818,-0.029343735,-0.014092584,-0.03005658,0.03024585,-0.06693479,0.011355584,-0.01612313,0.010479628,-0.015738714,-0.009734946,-0.0076027787,0.02285731,0.0063516703,-0.005344453,-0.008317523,0.014882614,-0.03214856,-0.009762667,-0.055267673,0.01982892,-0.010027535,0.06690685,0.056762066,-0.053247422,-0.021315077,0.017410934,0.0055264807,0.04975947,0.004784119,-0.023911335,-0.00829993,0.02853134,-0.020846428,-0.03415586,-0.01834066,-0.0072464882,-0.031596538,-0.0051062545,-0.0076271347,0.06284964,0.06166856,-0.030308384,0.0034045766
-0.025380867,0.051092472,0.037279326,0.028083775,0.018088154,0.016246907,0.0507685,0.015451951,-0.024453467,-0.02074283,-0.051221706,-0.031089198,-0.06669482,-0.032275785,-0.031207934,0.03783171,0.025450807,0.0005600803,0.061864216,0.017555946,-0.010608348,-0.0016304482,-0.002793217,0.00037664874,0.022900872,-0.0606914,-0.062906094,-0.050597697,-0.020565838,-0.039276995,-0.03170865,0.0056137466,0.06619883,-0.06099785,-0.0061198156,-0.056108672,-0.0062485654,0.03311198,0.02844837,0.0087313,0.02530216,-0.0546021,0.021166569,-0.020808458,-0.019687101,-0.02354377,-0.046168443,-0.052976955,-0.033148482,-0.006962335,0.049667973,-0.029723959,0.06239234,-0.053942446,-0.023954283,-0.021880599,0.04744166,-0.06442834,-0.00876822,0.05369246,-0.050731663,0.03212504,-0.0071928245,-0.04235229
0.06060557,-0.044106323,0.017781205,0.04203496,0.0016700303,0.018388452,-0.019006453,0.032693528,0.031601265,-0.048765462,0.019924155,-0.055445407,0.0030658355,0.027079007,-0.009704752,0.0063608917,0.004157493,-0.026239684,0.020410616,0.019759944,-0.015428841,0.008363563,-0.029694045,-0.05770969,0.045401823,-0.046412487,-0.01856137,-0.0051398235,-0.023569599,0.024160191,-0.0026108597,0.043875538,-0.026254814,0.036516935,-0.01600439,-0.011376384,-0.022438569,-0.05244534,0.02346488,0.04054107,-0.019469641,-0.0053476314,0.032590564,0.02216973,-0.055607766,-0.0029608738,-0.02372937,-0.033136945,0.0026757116,0.009276865,-0.0546545,-0.015045019,0.0007349956,0.037312,-0.030714676,-0.026103623,-0.0003891137,-0.023546623,-0.018948393,0.06350916,-0.012638982,-0.05006193,-0.024775535,0.03457374
0.005734874,-0.023863442,0.0385318,-0.0020999317,0.011937494,0.05607723,-0.011166928,-0.048340738,0.04134483,-0.0204452,0.061230853,0.0627518,-0.006371636,0.0052042888,-0.02052557,0.017955221,0.024058834,0.029732946,0.04778543,-0.011448454,0.0050113597,0.033354424,-0.04852738,0.052867174,-0.0045904825,0.0575566,-0.027200729,0.003194868,0.034577552,0.041627236,-0.030761823,-0.021643663,-0.02866531,0.028797818,0.038886055,0.023493387,-0.056404542,0.024193665,-0.061348792,-0.013334303,-0.012230153,-0.015908869,0.0006326678,0.008945343,-0.003573731,-0.000950776,0.036490493,0.010955885,-0.044846773,-0.066784225,0.03099697,-0.034267686,0.013341618,-0.02821491,0.050873164,0.007986102,-0.018137194,-0.009232429,0.03535092,-0.029058672,0.019072132,0.025951194,-0.06236699,0.027034419
-0.008024564,0.003480271,-0.04605879,0.05832271,0.04882787,-0.057847507,0.04589829,0.016433915,0.005523676,0.04704419,0.04681572,-0.004290257,0.0075428206,0.016438069,0.06576076,0.03089273,-0.053390976,0.01734649,-0.007602096,-0.017984115,-0.06133559,0.022021115,0.030840574,0.04568926,0.0184802,0.000768639,-0.033016462,-0.05432285,-0.038190395,0.02311204,-0.029761363,-0.031438418,0.009529022,-0.062265813,-0.016473306,0.018391043,-0.014521166,0.039419144,0.018838484,0.021420024,0.045423985,0.042325806,-0.023816476,0.032757897,0.012077181,-0.05462423,0.03555285,0.033844795,-0.0154921785,-0.02023233,0.015633523,0.03484016,0.007016108,-0.04715656,0.000837915,0.063040726,0.011362439,-0.019795284,0.047763795,0.00505164,-0.021907076,0.023632629,-0.01310362,-0.020329742
-0.027553163,-0.007463492,0.016679741,0.04515895,-0.0015875602,0.05280749,0.008564106,0.012793105,-0.066757075,0.0338107,0.040712293,-0.007967601,-0.012760853,-0.014448562,0.012036143,-0.0404655,-0.046525717,0.031462647,-0.0009959203,-0.03159125,0.05585833,-0.019822868,0.05208264,0.016169036,0.05274018,-0.020006191,-0.0024869703,0.052213732,0.0046295794,-0.0069130105,0.008440441,-0.04893288,-0.047145292,-0.008895334,-0.0016246834,0.005993879,-0.027842475,0.0012029042,0.0118834255,-0.032029208,-0.02935126,0.022802584,-0.026856167,-0.041708082,-0.042496435,0.028989067,-0.04310371,-0.019327085,0.029727198,-0.045287218,0.03414896,-0.009371907,0.015985059,-0.0075214943,0.009750468,-0.028086722,-0.030037202,0.01449806,-0.009305293,-0.008636237,0.024334291,0.05242083,-0.023649205,-0.02976424
0.011103344,0.006719724,-0.018986665,-0.013003129,-0.042083774,0.008482648,-0.009247013,0.03013063,-0.0630116,0.020188171,0.022612935,0.0066806725,0.008161623,-0.012806196,-0.052906718,-0.010436449,-0.0022058468,-0.06423123,0.022761108,-0.025729826,0.030281486,0.0041879094,-0.06262508,-0.0182692,-0.026019085,-0.064302556,-0.002874233,0.05470718,0.051436912,-0.007199468,-0.04615343,-0.021701075,-0.054989133,0.05327756,-0.0032039522,0.06436551,0.013876844,0.02498072,0.013464157,0.023387274,0.00365263,0.02537362,-0.05767937,-0.05739523,0.022209996,-0.019959675,-0.055152137,0.01960342,-0.014223471,-0.055045035,0.046880398,0.041432455,0.004183932,-0.03801219,0.032500267,0.01571617,-0.010867342,0.030891055,0.03867276,-0.025216388,0.042749096,-0.044198334,-0.033162083,0.002620303
0.04714974,0.013032178,-0.02335849,0.051968556,-0.048570685,0.060628057,0.04945774,0.019143706,-0.013638497,-0.036852166,0.008529823,-0.0106484955,0.05600495,-0.023121722,-0.029148275,0.034922756,-0.030087136,0.020812018,0.057237275,0.028806876,0.052015796,-0.061818153,-0.059890933,0.0077841785,0.00017381186,-0.05828597,-0.0016115713,-0.045759745,0.039721046,0.03270541,-0.06574082,-0.02494605,-0.028477935,0.04811875,0.0006971947,-0.016006226,-0.0033760462,0.029209472,0.030946877,-0.049801268,0.03436094,0.0038779168,-0.055634275,0.0003652338,-0.03218153,0.047282793,0.03304694,-0.041753035,0.0148452595,0.0631987,-0.065982044,-0.046120327,0.014146692,0.024790522,-0.049023427,0.02740055,-0.029569462,-0.045947745,-0.015059669,0.03943357,-0.019154262,-0.02577175,-0.02750128,0.006533377
0.00021688465,-0.0024453835,0.031053739,0.037982926,0.053973973,-0.00090040173,0.028890481,-0.008810665,0.0098492345,0.022101436,-0.06345756,-0.035943445,0.04740121,-0.062229708,0.028656444,0.027570669,0.040500402,0.026588568,-0.0032120207,0.044854905,-0.008943605,0.04067133,0.032953434,0.062656544,0.016629225,-0.023957144,-0.050607875,-0.024152324,0.008873909,-0.019918917,0.0068201157,0.024199855,-0.002608009,-0.0045935935,0.013389471,-0.01627725,-0.012597229,0.030335024,0.024003398,0.0445911,0.061870627,0.016082259,0.013840147,0.008499769,0.061460584,-0.0048772045,0.022660347,0.033577763,-0.027225357,0.03327828,0.020838099,0.028822863,0.04963769,0.04805007,0.027457513,-0.0071126428,-0.066918954,0.059759,0.0052930797,-0.0015472244,0.06573407,-0.0038978104,0.024640463,-0.0074296948
-0.03101815,-0.006330672,-0.008749481,0.007585859,-0.0293588,-0.023083584,-0.038305238,-0.007337376,-0.0052771014,0.04776507,0.017833587,0.033560652,-0.029958086,0.017652594,0.001939835,0.06780239,0.0051694117,-0.019786825,-0.0074698357,-0.049472824,0.034366548,-0.040347893,-0.05996828,0.037711408,0.001579831,0.043742698,0.012375406,0.02957452,-0.056466363,0.004864253,-0.0077258176,-0.053547755,0.019722342,0.024367943,0.019064194,-0.010546183,0.021359308,-0.012660429,0.027105404,-0.031135863,0.062801085,-0.014032351,-0.027654644,-0.024368113,0.036639374,-0.0608285,-0.064774625,-0.018302193,0.06074665,0.021128856,-0.017932111,0.0016078169,-0.0103162145,0.0246527,-0.043190304,0.024577824,-0.042361196,0.012451827,0.011112217,-0.02962553,0.02889672,-0.010617672,0.060645074,-0.024309933
-0.06250012,-0.014814061,-0.03464314,0.038929112,0.009893663,-0.061832022,0.022726053,-0.009129822,-0.06054928,-0.03299934,0.037397336,0.0023542186,-0.014847003,-0.018300772,0.0019042679,0.022122642,0.0007857226,-0.03232755,-0.020347252,-0.018861262,0.012336381,-0.024824047,-0.011801129,-0.0062935017,-0.00059733633,-0.011197088,0.030079266,-0.054915648,0.025654104,-0.027150467,-0.06409912,-0.01592644,-0.03151146,-0.019678187,-0.0057719084,0.005353001,0.027700312,0.014695967,-0.0013061828,-0.015972918,0.0498832,0.027481072,-0.017673424,-0.019725297,0.055601474,0.028602622,0.063941956,0.014490034,0.011438767,0.0028316192,0.041786745,-0.024445916,0.0055270544,0.0627997,-0.05894605,0.008967399,-0.046848074,0.03624842,0.0138554415,0.041244272,-0.012540152,-0.031431943,0.045736838,0.03160749
-0.0145304995,0.021732962,0.013806955,-0.032961972,-0.020754138,0.014011832,-0.014086476,-0.014442719,-0.060327426,-0.0062789917,-0.008465702,-0.00336566,-0.014367981,0.06721774,-0.03970578,-0.004197915,0.012342994,-0.014415804,-0.008851894,0.007565752,0.004122773,-0.030107886,0.012621143,0.004207597,0.02205013,-0.028692754,-0.024357526,-0.053123135,-0.013446189,0.051952887,0.0017128058,0.04359511,-0.0013538084,-0.006776495,-0.03345471,0.052852347,0.061777577,0.021056823,-0.034294017,0.05760118,0.010784098,-0.04854568,-0.005995343,0.016075265,0.050212845,0.06295686,-0.0524874,0.006824292,0.0005774487,-0.0072205076,0.010936148,0.061295066,0.026410567,0.056975473,0.009425815,-0.031029308,-0.04414477,0.027750546,0.002072572,-0.025076525,0.009019129,0.0128457025,0.060006186,-0.032788113
0.016661003,0.06355043,0.0012425799,0.039327614,-0.0148333255,-0.019820882,0.011003498,0.013668462,-0.0005977666,0.018577887,-0.024625918,0.054551214,-0.0034107156,-0.007228376,-0.0071556363,-0.02863083,-0.0006155566,0.035888933,0.020572636,0.05095928,-0.00969672,0.021857502,-0.015720667,-0.030920707,-0.017830659,-0.009123199,-0.023949571,-0.0036933618,0.028653754,-0.013857382,0.027469207,-0.061750643,-0.049166944,-0.042925566,0.0042167013,0.021188525,-0.00036996324,-0.02197198,0.03217078,-0.031081613,0.021730987,-0.039778125,0.05582895,0.003513209,-0.040916875,-0.009020283,0.04826282,-0.04233473,0.027156763,0.018381374,-0.0552385,0.017158331,-0.02210149,0.042168293,-0.0048875012,0.009436306,-0.00091886945,0.010956734,0.017320655,-0.06052114,0.02604089,0.059513148,0.010485359,0.05387692
0.058363505,-0.0514188,0.008430877,-0.022142736,-0.010736477,-0.008165373,-0.018793615,0.010968738,-0.059613746,-0.00055457815,-0.062839925,-0.0038482277,0.055849843,0.059790146,0.056896407,0.019592077,0.032954324,0.057875477,-0.02049841,-0.014108184,0.007786231,-0.01259059,-0.025271451,0.049818464,-0.044661384,0.022037484,0.017519884,0.05470554,0.02173318,-0.01498851,0.0015822937,0.012555547,0.033320382,0.0007020058,-0.04344568,-0.021361277,-0.0014187228,0.027689703,0.046885025,0.036994737,0.027606007,0.060896862,0.018262343,-0.02739184,0.015732903,0.046604376,-0.043723073,-0.0069971997,-0.024356471,0.035641104,0.0032017864,-0.005008649,-0.004191494,0.04064054,-0.033716757,-0.037287593,-0.0039317524,-0.028521642,-0.032064296,0.026507767,0.01762163,0.056058004,0.06028295,0.009773794
0.036920693,0.04464376,0.008270768,0.024320235,-0.02411516,0.021803573,0.023866044,0.057841673,0.056405,-0.03620877,-0.06445837,-0.051447157,0.034064986,0.030247288,0.02122066,0.025759717,-0.043173984,-0.037808172,0.00089298596,-0.05452292,-0.017346712,0.0012652122,-0.0027842028,-0.053522103,-0.046277262,-0.011125651,-0.05500193,0.003252387,0.025196487,0.018904176,0.014561992,0.035498008,0.01589664,0.02880247,0.016140342,0.023872744,-0.02749135,-0.018750694,0.033350438,0.003822673,-0.029248372,-0.039024606,-0.04573488,-0.065379776,0.012890906,-0.0018766122,-0.018763253,0.020386813,-0.034980997,-0.012575326,0.027905906,0.0119846985,-0.019210124,-0.051434495,0.0058965534,0.008505449,0.02449736,0.009964636,-0.037646126,0.01508369,0.0001191269,0.020014897,-0.04824175,0.03321495
-0.043251198,-0.012259484,-0.020349856,0.022285309,0.054271255,0.052317094,-0.026013194,-0.03572329,-0.007197059,0.01893894,-0.033309676,-0.01991475,-0.00010004686,-0.0024688737,-0.00073918625,0.04944439,0.015550729,0.06276195,0.04465627,0.010542786,-0.032893274,0.0062115244,-0.016658649,0.029505055,-0.006263573,-0.016644478,0.029441256,0.0008213833,0.019584,-0.018968193,0.016125962,0.032531347,0.0055362117,0.012735323,0.0142184505,-0.0074958596,-0.022449395,-0.039692264,0.0045594117,-0.021773368,-0.018760288,0.037354138,-0.009623649,-0.058555882,-0.055722587,0.022158733,-0.054729108,0.0073557664,-0.03312048,-0.029346272,-0.027007207,0.031195741,0.045646787,0.052837722,0.046889253,-0.060734726,0.012678535,0.019212617,0.027977575,0.0055325213,0.015433761,0.06017105,0.0012378596,-0.03041403
-0.018319527,0.008313541,-0.031159846,0.018560456,-0.0042891945,0.065886796,-0.021465123,0.035648365,-0.0050433157,0.01932177,-0.037393194,0.03131615,-0.030477118,0.045482323,-0.0012755995,0.036097676,-0.05932705,0.029468313,0.02113765,-0.04651327,-0.03805952,-0.0010294529,-0.021410508,0.041641057,0.056425687,-0.014192056,0.0010937201,-0.028780058,0.02724447,0.00621289,0.037221212,-0.004015566,0.029829642,0.04625809,-0.0046247,-0.010672915,0.003028738,0.007169015,0.057477325,-0.031755846,0.038538273,0.01778671,0.010292764,0.013265387,0.02646674,-0.016897574,0.046163663,0.005052765,-0.0057951715,-0.033807565,-0.03240475,0.061606918,-0.026441436,0.01814894,-0.022341961,0.02688669,-0.0021517943,0.042651825,-0.027785122,0.015839664,0.016449846,-0.04439926,0.04642905,-0.011097219
-0.02182019,-0.030225618,-0.058702074,-0.0014632295,0.026291689,0.0374532,7.507205e-05,-0.0070151323,0.044448186,0.054474197,-0.008275826,-0.02750907,-0.05338615,-0.015543601,0.033659723,-0.0120736165,-0.01454642,0.026707632,-0.018456966,0.03478306,-0.01728075,0.023020454,-0.05289581,-0.006825059,0.0017335622,0.048555374,0.05083045,-0.0040904162,-2.0711188e-05,-0.063989915,0.047363456,0.023833482,0.0057729017,0.06267908,0.024758514,-0.063546024,-0.014465532,0.026993854,0.031521067,0.022955386,-0.028595425,0.04479657,0.06439201,0.045177873,-0.012589686,-0.04746101,-0.03646952,0.0073166154,0.05410478,-0.024733517,-0.066560015,-0.016677529,0.0315991,-0.002465691,0.044620782,-0.056896236,0.04083031,0.046037693,0.0023422781,-0.00769795,-0.05502112,0.033280473,0.018653007,-0.018641515
-0.030704316,-0.0031403876,-0.061784443,-0.01749529,-0.00070192805,-0.033969205,-0.016052153,0.04093941,0.010043383,-0.01723143,0.06580962,0.02476451,0.004125313,0.017404946,-0.0067517734,0.020938516,0.0024107473,-0.043228436,0.04362531,-0.003827458,0.05599131,0.0200632,0.06585764,0.06566758,-0.0111052785,0.014159487,-0.05549528,0.043860108,0.017442506,-0.010528674,-0.06319796,-0.0056072483,0.040278807,0.020762425,-0.004287413,-0.053284615,-0.032076225,0.012272788,-0.043308217,0.017806998,-0.052920178,0.01579708,-0.028593702,-0.06501537,0.029123172,0.039273657,0.008774658,-0.02331519,0.027068438,0.029881267,-0.044824723,-0.0011404334,0.010212935,-0.026315724,0.004713826,0.026720105,-0.028715504,-0.04453011,0.046181142,-0.030275472,-0.0085273925,0.0274872,-0.048186272,0.03250432
