disk.RDDSK,disk.WRDSK,disk.WCANCL,disk.DSK,memory.MINFLT,memory.MAJFLT,memory.VSTEXT,memory.VSIZE,memory.RSIZE,memory.VGROW,memory.RGROW,memory.MEM,process.TRUN,process.TSLPI,process.TSLPU,process.POLI,process.NICE,process.PRI,process.RTPR,process.CPUNR,process.Status,process.EXC,process.State,process.CPU,PID,CMD
0.0,0.0,0.0,0.0,,,,,,,,,,,,,,,,,,,,,11194.0,6
0.0,0.0,0.0,0.0,,,,,,,,,,,,,,,,,,,,,11198.0,6
0.0,0.0,0.0,0.0,,,,,,,,,,,,,,,,,,,,,11202.0,6
0.0,0.0,0.0,0.0,,,,,,,,,,,,,,,,,,,,,11206.0,6
0.0,0.0,0.0,0.0,,,,,,,,,,,,,,,,,,,,,11210.0,6
0.0,0.0,0.0,0.0,,,,,,,,,,,,,,,,,,,,,11214.0,6
0.0,0.0,0.0,0.0,,,,,,,,,,,,,,,,,,,,,11218.0,6
0.0,0.0,0.0,0.0,,,,,,,,,,,,,,,,,,,,,11222.0,6
0.0,0.0,0.0,0.0,,,,,,,,,,,,,,,,,,,,,11229.0,6
0.0,0.0,0.0,0.0,,,,,,,,,,,,,,,,,,,,,11233.0,6
0.0,0.0,0.0,0.0,,,,,,,,,,,,,,,,,,,,,11237.0,6
0.0,0.0,0.0,0.0,,,,,,,,,,,,,,,,,,,,,11242.0,6
0.0,0.0,0.0,0.0,,,,,,,,,,,,,,,,,,,,,11246.0,6
0.0,0.0,0.0,0.0,,,,,,,,,,,,,,,,,,,,,11250.0,6
0.0,0.0,0.0,0.0,,,,,,,,,,,,,,,,,,,,,11254.0,6
0.0,0.0,0.0,0.0,,,,,,,,,,,,,,,,,,,,,11258.0,6
0.0,0.0,0.0,0.0,,,,,,,,,,,,,,,,,,,,,11262.0,6
0.0,0.0,0.0,0.0,,,,,,,,,,,,,,,,,,,,,11266.0,6
0.0,0.0,0.0,0.0,,,,,,,,,,,,,,,,,,,,,11270.0,6
0.0,0.0,0.0,0.0,,,,,,,,,,,,,,,,,,,,,11274.0,6
,,,,275.0,0.0,0.0,0.0,0.0,0.0,0.0,0.0,,,,,,,,,,,,,5284.0,6
,,,,,,,,,,,,0.0,0.0,0.0,-,0.0,0.0,0.0,0.0,-,0.0,E,0.0,5289.0,6
,,,,275.0,0.0,0.0,0.0,0.0,0.0,0.0,0.0,0.0,0.0,0.0,-,0.0,0.0,0.0,0.0,NE,0.0,E,0.0,5296.0,6
,,,,139.0,0.0,0.0,0.0,0.0,0.0,0.0,0.0,0.0,0.0,0.0,-,0.0,0.0,0.0,0.0,-,0.0,E,0.0,5301.0,6
,,,,139.0,0.0,0.0,0.0,0.0,0.0,0.0,0.0,0.0,0.0,0.0,-,0.0,0.0,0.0,0.0,NE,0.0,E,0.0,5307.0,6
,,,,139.0,0.0,0.0,0.0,0.0,0.0,0.0,0.0,,,,,,,,,,,,,5308.0,6
,,,,273.0,0.0,0.0,0.0,0.0,0.0,0.0,0.0,,,,,,,,,,,,,5319.0,6
,,,,273.0,0.0,0.0,0.0,0.0,0.0,0.0,0.0,,,,,,,,,,,,,5323.0,6
,,,,275.0,0.0,0.0,0.0,0.0,0.0,0.0,0.0,0.0,0.0,0.0,-,0.0,0.0,0.0,0.0,NE,0.0,E,0.0,5327.0,6
,,,,,,,,,,,,0.0,0.0,0.0,-,0.0,0.0,0.0,0.0,NE,0.0,E,0.0,5331.0,6
,,,,,,,,,,,,0.0,0.0,0.0,-,0.0,0.0,0.0,0.0,NE,0.0,E,0.0,5335.0,6
,,,,,,,,,,,,0.0,0.0,0.0,-,0.0,0.0,0.0,0.0,NE,0.0,E,0.0,5336.0,6
,,,,,,,,,,,,0.0,0.0,0.0,-,0.0,0.0,0.0,0.0,NE,0.0,E,0.0,5339.0,6
,,,,,,,,,,,,0.0,0.0,0.0,-,0.0,0.0,0.0,0.0,NE,0.0,E,0.0,5340.0,6
,,,,,,,,,,,,0.0,0.0,0.0,-,0.0,0.0,0.0,0.0,NE,0.0,E,0.0,5343.0,6
,,,,,,,,,,,,0.0,0.0,0.0,-,0.0,0.0,0.0,0.0,NE,0.0,E,0.0,5348.0,6
,,,,,,,,,,,,0.0,0.0,0.0,-,0.0,0.0,0.0,0.0,NE,0.0,E,0.0,5351.0,6
,,,,275.0,0.0,0.0,0.0,0.0,0.0,0.0,0.0,,,,,,,,,,,,,5356.0,6
,,,,,,,,,,,,0.0,0.0,0.0,-,0.0,0.0,0.0,0.0,-,0.0,E,0.0,5361.0,6
,,,,,,,,,,,,0.0,0.0,0.0,-,0.0,0.0,0.0,0.0,-,0.0,E,0.0,5362.0,6
,,,,,,,,,,,,0.0,1.0,0.0,norm,0.0,120.0,0.0,0.0,0,0.0,S,0.03,2420.0,29
,,,,,,,,,,,,0.0,1.0,0.0,norm,0.0,120.0,0.0,1.0,0,0.0,S,0.02,2420.0,29
,,,,,,,,,,,,0.0,1.0,0.0,norm,0.0,120.0,0.0,1.0,0,0.0,S,0.01,2420.0,29
,,,,,,,,,,,,0.0,1.0,0.0,norm,0.0,120.0,0.0,2.0,0,0.0,S,0.02,2420.0,29
,,,,,,,,,,,,0.0,1.0,0.0,norm,0.0,120.0,0.0,0.0,0,0.0,S,0.01,2420.0,29
,,,,,,,,,,,,1.0,0.0,0.0,norm,0.0,120.0,0.0,3.0,0,0.0,R,0.01,2420.0,29
,,,,,,,,,,,,1.0,0.0,0.0,norm,0.0,120.0,0.0,1.0,0,0.0,R,0.06,2420.0,29
,,,,,,,,,,,,1.0,0.0,0.0,norm,0.0,120.0,0.0,0.0,0,0.0,R,0.05,2420.0,29
,,,,,,,,,,,,1.0,0.0,0.0,norm,0.0,120.0,0.0,2.0,0,0.0,R,0.01,2420.0,29
,,,,,,,,,,,,0.0,1.0,0.0,norm,0.0,120.0,0.0,0.0,0,0.0,S,0.04,2420.0,29
,,,,,,,,,,,,0.0,1.0,0.0,norm,0.0,120.0,0.0,2.0,0,0.0,S,0.05,2420.0,29
,,,,,,,,,,,,0.0,1.0,0.0,norm,0.0,120.0,0.0,3.0,0,0.0,S,0.01,2420.0,29
,,,,,,,,,,,,0.0,1.0,0.0,norm,0.0,120.0,0.0,0.0,0,0.0,S,1.0,2420.0,29
,,,,,,,,,,,,0.0,1.0,0.0,norm,0.0,120.0,0.0,1.0,0,0.0,S,1.0,2420.0,29
,,,,,,,,,,,,0.0,1.0,0.0,norm,0.0,120.0,0.0,3.0,0,0.0,S,0.02,2420.0,29
,,,,0.0,0.0,415.0,40264.0,2384.0,0.0,0.0,0.0,0.0,1.0,0.0,norm,0.0,120.0,0.0,0.0,0,0.0,S,0.01,2426.0,29
,,,,0.0,0.0,415.0,40264.0,2220.0,0.0,0.0,0.0,0.0,1.0,0.0,norm,0.0,120.0,0.0,0.0,0,0.0,S,0.01,2426.0,29
,,,,,,,,,,,,0.0,1.0,0.0,norm,0.0,120.0,0.0,1.0,0,0.0,S,0.01,2426.0,29
,,,,,,,,,,,,0.0,1.0,0.0,norm,0.0,120.0,0.0,3.0,0,0.0,S,0.0,2426.0,29
,,,,,,,,,,,,0.0,1.0,0.0,norm,0.0,120.0,0.0,2.0,0,0.0,S,0.03,2426.0,29
,,,,9.0,0.0,589.0,636.6,16680.0,0.0,0.0,0.0,0.0,4.0,0.0,norm,0.0,120.0,0.0,1.0,N,0.0,S,0.0,2533.0,26
,,,,6.0,0.0,589.0,636.8,16680.0,0.0,0.0,0.0,0.0,4.0,0.0,norm,0.0,120.0,0.0,1.0,N,0.0,S,0.0,2533.0,26
,,,,7.0,0.0,589.0,636.9,16948.0,128.0,268.0,0.0,0.0,4.0,0.0,norm,0.0,120.0,0.0,1.0,N,0.0,S,0.0,2533.0,26
,,,,6.0,0.0,589.0,636.9,16948.0,0.0,0.0,0.0,0.0,4.0,0.0,norm,0.0,120.0,0.0,1.0,N,0.0,S,0.0,2533.0,26
,,,,7.0,0.0,589.0,637.0,16976.0,0.0,0.0,0.0,0.0,4.0,0.0,norm,0.0,120.0,0.0,1.0,N,0.0,S,0.0,2533.0,26
,,,,6.0,0.0,589.0,637.0,14584.0,0.0,2320.0,0.0,0.0,4.0,0.0,norm,0.0,120.0,0.0,1.0,N,0.0,S,0.0,2533.0,26
,,,,7.0,0.0,589.0,637.1,14716.0,0.0,0.0,0.0,0.0,4.0,0.0,norm,0.0,120.0,0.0,1.0,N,0.0,S,0.0,2533.0,26
,,,,9.0,0.0,589.0,637.3,14252.0,132.0,464.0,0.0,0.0,4.0,0.0,norm,0.0,120.0,0.0,1.0,N,0.0,S,0.0,2533.0,26
,,,,7.0,0.0,589.0,637.3,14252.0,0.0,0.0,0.0,0.0,4.0,0.0,norm,0.0,120.0,0.0,1.0,N,0.0,S,0.0,2533.0,26
,,,,5.0,0.0,589.0,637.3,14252.0,0.0,0.0,0.0,0.0,4.0,0.0,norm,0.0,120.0,0.0,1.0,N,0.0,S,0.0,2533.0,26
,,,,7.0,0.0,589.0,637.4,14512.0,0.0,260.0,0.0,0.0,4.0,0.0,norm,0.0,120.0,0.0,1.0,N,0.0,S,0.0,2533.0,26
,,,,6.0,0.0,589.0,637.5,14636.0,128.0,124.0,0.0,0.0,4.0,0.0,norm,0.0,120.0,0.0,1.0,N,0.0,S,0.0,2533.0,26
,,,,7.0,0.0,589.0,637.7,14764.0,128.0,128.0,0.0,0.0,4.0,0.0,norm,0.0,120.0,0.0,1.0,N,0.0,S,0.0,2533.0,26
,,,,7.0,0.0,589.0,637.7,14764.0,0.0,0.0,0.0,0.0,4.0,0.0,norm,0.0,120.0,0.0,1.0,N,0.0,S,0.0,2533.0,26
,,,,7.0,0.0,589.0,637.8,14764.0,0.0,0.0,0.0,0.0,4.0,0.0,norm,0.0,120.0,0.0,1.0,N,0.0,S,0.0,2533.0,26
,,,,7.0,2.0,589.0,637.9,13788.0,128.0,228.0,0.0,0.0,4.0,0.0,norm,0.0,120.0,0.0,1.0,N,0.0,S,0.0,2533.0,26
,,,,8.0,2.0,589.0,637.9,13788.0,0.0,0.0,0.0,0.0,4.0,0.0,norm,0.0,120.0,0.0,1.0,N,0.0,S,0.0,2533.0,26
,,,,6.0,0.0,589.0,638.0,13788.0,132.0,0.0,0.0,0.0,4.0,0.0,norm,0.0,120.0,0.0,1.0,N,0.0,S,0.0,2533.0,26
,,,,9.0,0.0,589.0,638.0,13788.0,0.0,0.0,0.0,0.0,4.0,0.0,norm,0.0,120.0,0.0,1.0,N,0.0,S,0.0,2533.0,26
,,,,7.0,0.0,589.0,638.0,14024.0,0.0,0.0,0.0,0.0,4.0,0.0,norm,0.0,120.0,0.0,1.0,N,0.0,S,0.0,2533.0,26
0.0,0.0,0.0,0.0,,,,,,,,,0.0,0.0,0.0,0,0.0,0.0,0.0,0.0,NE,0.0,E,0.0,6397.0,6
,,,,,,,,,,,,0.0,0.0,0.0,0,0.0,0.0,0.0,0.0,NE,0.0,E,0.0,6398.0,6
,,,,,,,,,,,,0.0,0.0,0.0,0,0.0,0.0,0.0,0.0,NE,0.0,E,0.0,6399.0,6
,,,,,,,,,,,,0.0,0.0,0.0,0,0.0,0.0,0.0,0.0,NE,0.0,E,0.0,6400.0,6
,,,,,,,,,,,,0.0,0.0,0.0,0,0.0,0.0,0.0,0.0,NE,0.0,E,0.0,6415.0,6
0.0,0.0,0.0,0.0,,,,,,,,,0.0,0.0,0.0,0,0.0,0.0,0.0,0.0,NE,0.0,E,0.0,6445.0,6
0.0,0.0,0.0,0.0,,,,,,,,,0.0,0.0,0.0,0,0.0,0.0,0.0,0.0,NE,0.0,E,0.0,6446.0,6
0.0,0.0,0.0,0.0,,,,,,,,,0.0,0.0,0.0,0,0.0,0.0,0.0,0.0,NE,0.0,E,0.0,6447.0,6
0.0,0.0,0.0,0.0,,,,,,,,,,,,,,,,,,,,,6448.0,6
,,,,,,,,,,,,0.0,0.0,0.0,0,0.0,0.0,0.0,0.0,NE,0.0,E,0.0,6449.0,6
,,,,,,,,,,,,0.0,0.0,0.0,0,0.0,0.0,0.0,0.0,NE,0.0,E,0.0,6450.0,6
,,,,,,,,,,,,0.0,0.0,0.0,0,0.0,0.0,0.0,0.0,NE,0.0,E,0.0,6453.0,6
,,,,,,,,,,,,0.0,0.0,0.0,0,0.0,0.0,0.0,0.0,NE,0.0,E,0.0,6454.0,6
,,,,,,,,,,,,0.0,0.0,0.0,0,0.0,0.0,0.0,0.0,NE,0.0,E,0.0,6455.0,6
0.0,0.0,0.0,0.0,,,,,,,,,,,,,,,,,,,,,6457.0,6
,,,,,,,,,,,,0.0,0.0,0.0,0,0.0,0.0,0.0,0.0,NE,0.0,E,0.0,6458.0,6
,,,,,,,,,,,,0.0,0.0,0.0,0,0.0,0.0,0.0,0.0,NE,0.0,E,0.0,6460.0,6
0.0,0.0,0.0,0.0,,,,,,,,,0.0,0.0,0.0,0,0.0,0.0,0.0,0.0,NE,0.0,E,0.0,6465.0,6
0.0,0.0,0.0,0.0,,,,,,,,,0.0,0.0,0.0,0,0.0,0.0,0.0,0.0,NE,0.0,E,0.0,6466.0,6
0.0,0.0,0.0,0.0,,,,,,,,,0.0,0.0,0.0,0,0.0,0.0,0.0,0.0,NE,0.0,E,0.0,6467.0,6
