disk.RDDSK,disk.WRDSK,disk.WCANCL,disk.DSK,memory.MINFLT,memory.MAJFLT,memory.VSTEXT,memory.VSIZE,memory.RSIZE,memory.VGROW,memory.RGROW,memory.MEM,process.TRUN,process.TSLPI,process.TSLPU,process.NICE,process.PRI,process.RTPR,process.CPUNR,process.EXC,process.CPU,PID,CMD,disk_is_off,memory_is_off,process_is_off,process.POLI_-,process.POLI_0,process.POLI_norm,process.Status_-,process.Status_0,process.Status_N,process.Status_NE,process.Status_NS,process.State_D,process.State_E,process.State_I,process.State_R,process.State_S,process.State_Z
2.2421021950180488e-05,2.6780214777322515e-05,8.110957904128478e-05,0.5025125628140703,0.0,0.0,0.0,0.0,0.0,0.0,0.0,0.0,0.0,0.0,0.0,0.0,0.0,0.0,0.0,0.0,0.0,0.19556912207951774,0.16666666666666669,0,1,1,0,0,0,0,0,0,0,0,0,0,0,0,0,0
2.2421021950180488e-05,2.6780214777322515e-05,8.110957904128478e-05,0.5025125628140703,0.0,0.0,0.0,0.0,0.0,0.0,0.0,0.0,0.0,0.0,0.0,0.0,0.0,0.0,0.0,0.0,0.0,0.19564591372458676,0.16666666666666669,0,1,1,0,0,0,0,0,0,0,0,0,0,0,0,0,0
2.2421021950180488e-05,2.6780214777322515e-05,8.110957904128478e-05,0.5025125628140703,0.0,0.0,0.0,0.0,0.0,0.0,0.0,0.0,0.0,0.0,0.0,0.0,0.0,0.0,0.0,0.0,0.0,0.19572270536965578,0.16666666666666669,0,1,1,0,0,0,0,0,0,0,0,0,0,0,0,0,0
2.2421021950180488e-05,2.6780214777322515e-05,8.110957904128478e-05,0.5025125628140703,0.0,0.0,0.0,0.0,0.0,0.0,0.0,0.0,0.0,0.0,0.0,0.0,0.0,0.0,0.0,0.0,0.0,0.1957994970147248,0.16666666666666669,0,1,1,0,0,0,0,0,0,0,0,0,0,0,0,0,0
2.2421021950180488e-05,2.6780214777322515e-05,8.110957904128478e-05,0.5025125628140703,0.0,0.0,0.0,0.0,0.0,0.0,0.0,0.0,0.0,0.0,0.0,0.0,0.0,0.0,0.0,0.0,0.0,0.1958762886597938,0.16666666666666669,0,1,1,0,0,0,0,0,0,0,0,0,0,0,0,0,0
2.2421021950180488e-05,2.6780214777322515e-05,8.110957904128478e-05,0.5025125628140703,0.0,0.0,0.0,0.0,0.0,0.0,0.0,0.0,0.0,0.0,0.0,0.0,0.0,0.0,0.0,0.0,0.0,0.19595308030486283,0.16666666666666669,0,1,1,0,0,0,0,0,0,0,0,0,0,0,0,0,0
2.2421021950180488e-05,2.6780214777322515e-05,8.110957904128478e-05,0.5025125628140703,0.0,0.0,0.0,0.0,0.0,0.0,0.0,0.0,0.0,0.0,0.0,0.0,0.0,0.0,0.0,0.0,0.0,0.19602987194993185,0.16666666666666669,0,1,1,0,0,0,0,0,0,0,0,0,0,0,0,0,0
2.2421021950180488e-05,2.6780214777322515e-05,8.110957904128478e-05,0.5025125628140703,0.0,0.0,0.0,0.0,0.0,0.0,0.0,0.0,0.0,0.0,0.0,0.0,0.0,0.0,0.0,0.0,0.0,0.19610666359500087,0.16666666666666669,0,1,1,0,0,0,0,0,0,0,0,0,0,0,0,0,0
2.2421021950180488e-05,2.6780214777322515e-05,8.110957904128478e-05,0.5025125628140703,0.0,0.0,0.0,0.0,0.0,0.0,0.0,0.0,0.0,0.0,0.0,0.0,0.0,0.0,0.0,0.0,0.0,0.19624104897387165,0.16666666666666669,0,1,1,0,0,0,0,0,0,0,0,0,0,0,0,0,0
2.2421021950180488e-05,2.6780214777322515e-05,8.110957904128478e-05,0.5025125628140703,0.0,0.0,0.0,0.0,0.0,0.0,0.0,0.0,0.0,0.0,0.0,0.0,0.0,0.0,0.0,0.0,0.0,0.19631784061894064,0.16666666666666669,0,1,1,0,0,0,0,0,0,0,0,0,0,0,0,0,0
2.2421021950180488e-05,2.6780214777322515e-05,8.110957904128478e-05,0.5025125628140703,0.0,0.0,0.0,0.0,0.0,0.0,0.0,0.0,0.0,0.0,0.0,0.0,0.0,0.0,0.0,0.0,0.0,0.19639463226400966,0.16666666666666669,0,1,1,0,0,0,0,0,0,0,0,0,0,0,0,0,0
2.2421021950180488e-05,2.6780214777322515e-05,8.110957904128478e-05,0.5025125628140703,0.0,0.0,0.0,0.0,0.0,0.0,0.0,0.0,0.0,0.0,0.0,0.0,0.0,0.0,0.0,0.0,0.0,0.19649062182034593,0.16666666666666669,0,1,1,0,0,0,0,0,0,0,0,0,0,0,0,0,0
2.2421021950180488e-05,2.6780214777322515e-05,8.110957904128478e-05,0.5025125628140703,0.0,0.0,0.0,0.0,0.0,0.0,0.0,0.0,0.0,0.0,0.0,0.0,0.0,0.0,0.0,0.0,0.0,0.19656741346541495,0.16666666666666669,0,1,1,0,0,0,0,0,0,0,0,0,0,0,0,0,0
2.2421021950180488e-05,2.6780214777322515e-05,8.110957904128478e-05,0.5025125628140703,0.0,0.0,0.0,0.0,0.0,0.0,0.0,0.0,0.0,0.0,0.0,0.0,0.0,0.0,0.0,0.0,0.0,0.19664420511048397,0.16666666666666669,0,1,1,0,0,0,0,0,0,0,0,0,0,0,0,0,0
2.2421021950180488e-05,2.6780214777322515e-05,8.110957904128478e-05,0.5025125628140703,0.0,0.0,0.0,0.0,0.0,0.0,0.0,0.0,0.0,0.0,0.0,0.0,0.0,0.0,0.0,0.0,0.0,0.196720996755553,0.16666666666666669,0,1,1,0,0,0,0,0,0,0,0,0,0,0,0,0,0
2.2421021950180488e-05,2.6780214777322515e-05,8.110957904128478e-05,0.5025125628140703,0.0,0.0,0.0,0.0,0.0,0.0,0.0,0.0,0.0,0.0,0.0,0.0,0.0,0.0,0.0,0.0,0.0,0.196797788400622,0.16666666666666669,0,1,1,0,0,0,0,0,0,0,0,0,0,0,0,0,0
2.2421021950180488e-05,2.6780214777322515e-05,8.110957904128478e-05,0.5025125628140703,0.0,0.0,0.0,0.0,0.0,0.0,0.0,0.0,0.0,0.0,0.0,0.0,0.0,0.0,0.0,0.0,0.0,0.19687458004569103,0.16666666666666669,0,1,1,0,0,0,0,0,0,0,0,0,0,0,0,0,0
2.2421021950180488e-05,2.6780214777322515e-05,8.110957904128478e-05,0.5025125628140703,0.0,0.0,0.0,0.0,0.0,0.0,0.0,0.0,0.0,0.0,0.0,0.0,0.0,0.0,0.0,0.0,0.0,0.19695137169076005,0.16666666666666669,0,1,1,0,0,0,0,0,0,0,0,0,0,0,0,0,0
2.2421021950180488e-05,2.6780214777322515e-05,8.110957904128478e-05,0.5025125628140703,0.0,0.0,0.0,0.0,0.0,0.0,0.0,0.0,0.0,0.0,0.0,0.0,0.0,0.0,0.0,0.0,0.0,0.19702816333582907,0.16666666666666669,0,1,1,0,0,0,0,0,0,0,0,0,0,0,0,0,0
2.2421021950180488e-05,2.6780214777322515e-05,8.110957904128478e-05,0.5025125628140703,0.0,0.0,0.0,0.0,0.0,0.0,0.0,0.0,0.0,0.0,0.0,0.0,0.0,0.0,0.0,0.0,0.0,0.19710495498089808,0.16666666666666669,0,1,1,0,0,0,0,0,0,0,0,0,0,0,0,0,0
0.0,0.0,0.0,0.0,0.0009297781670568816,3.346608212576554e-05,1.9742167295125657e-05,1.2766663687778473e-05,1.0074044225054148e-05,1.1277389960867456e-05,1.0109076940184591e-05,0.8771929824561403,0.0,0.0,0.0,0.0,0.0,0.0,0.0,0.0,0.0,0.08210946649004588,0.16666666666666669,1,0,1,0,0,0,0,0,0,0,0,0,0,0,0,0,0
0.0,0.0,0.0,0.0,0.0,0.0,0.0,0.0,0.0,0.0,0.0,0.0,0.1,0.015625,0.5,0.047619047619047616,0.007142857142857143,1.0,0.16666666666666666,0.009900990099009901,0.2,0.08220545604638216,0.16666666666666669,1,1,0,1,0,0,1,0,0,0,0,0,1,0,0,0,0
0.0,0.0,0.0,0.0,0.0009297781670568816,3.346608212576554e-05,1.9742167295125657e-05,1.2766663687778473e-05,1.0074044225054148e-05,1.1277389960867456e-05,1.0109076940184591e-05,0.8771929824561403,0.1,0.015625,0.5,0.047619047619047616,0.007142857142857143,1.0,0.16666666666666666,0.009900990099009901,0.2,0.08233984142525293,0.16666666666666669,1,0,0,1,0,0,0,0,0,1,0,0,1,0,0,0,0
0.0,0.0,0.0,0.0,0.0004716266064781283,3.346608212576554e-05,1.9742167295125657e-05,1.2766663687778473e-05,1.0074044225054148e-05,1.1277389960867456e-05,1.0109076940184591e-05,0.8771929824561403,0.1,0.015625,0.5,0.047619047619047616,0.007142857142857143,1.0,0.16666666666666666,0.009900990099009901,0.2,0.0824358309815892,0.16666666666666669,1,0,0,1,0,0,1,0,0,0,0,0,1,0,0,0,0
0.0,0.0,0.0,0.0,0.0004716266064781283,3.346608212576554e-05,1.9742167295125657e-05,1.2766663687778473e-05,1.0074044225054148e-05,1.1277389960867456e-05,1.0109076940184591e-05,0.8771929824561403,0.1,0.015625,0.5,0.047619047619047616,0.007142857142857143,1.0,0.16666666666666666,0.009900990099009901,0.2,0.08255101844919273,0.16666666666666669,1,0,0,1,0,0,0,0,0,1,0,0,1,0,0,0,0
0.0,0.0,0.0,0.0,0.0004716266064781283,3.346608212576554e-05,1.9742167295125657e-05,1.2766663687778473e-05,1.0074044225054148e-05,1.1277389960867456e-05,1.0109076940184591e-05,0.8771929824561403,0.0,0.0,0.0,0.0,0.0,0.0,0.0,0.0,0.0,0.08257021636045998,0.16666666666666669,1,0,1,0,0,0,0,0,0,0,0,0,0,0,0,0,0
0.0,0.0,0.0,0.0,0.000923040644107194,3.346608212576554e-05,1.9742167295125657e-05,1.2766663687778473e-05,1.0074044225054148e-05,1.1277389960867456e-05,1.0109076940184591e-05,0.8771929824561403,0.0,0.0,0.0,0.0,0.0,0.0,0.0,0.0,0.0,0.08278139338439977,0.16666666666666669,1,0,1,0,0,0,0,0,0,0,0,0,0,0,0,0,0
0.0,0.0,0.0,0.0,0.000923040644107194,3.346608212576554e-05,1.9742167295125657e-05,1.2766663687778473e-05,1.0074044225054148e-05,1.1277389960867456e-05,1.0109076940184591e-05,0.8771929824561403,0.0,0.0,0.0,0.0,0.0,0.0,0.0,0.0,0.0,0.08285818502946879,0.16666666666666669,1,0,1,0,0,0,0,0,0,0,0,0,0,0,0,0,0
0.0,0.0,0.0,0.0,0.0009297781670568816,3.346608212576554e-05,1.9742167295125657e-05,1.2766663687778473e-05,1.0074044225054148e-05,1.1277389960867456e-05,1.0109076940184591e-05,0.8771929824561403,0.1,0.015625,0.5,0.047619047619047616,0.007142857142857143,1.0,0.16666666666666666,0.009900990099009901,0.2,0.08293497667453781,0.16666666666666669,1,0,0,1,0,0,0,0,0,1,0,0,1,0,0,0,0
0.0,0.0,0.0,0.0,0.0,0.0,0.0,0.0,0.0,0.0,0.0,0.0,0.1,0.015625,0.5,0.047619047619047616,0.007142857142857143,1.0,0.16666666666666666,0.009900990099009901,0.2,0.08301176831960683,0.16666666666666669,1,1,0,1,0,0,0,0,0,1,0,0,1,0,0,0,0
0.0,0.0,0.0,0.0,0.0,0.0,0.0,0.0,0.0,0.0,0.0,0.0,0.1,0.015625,0.5,0.047619047619047616,0.007142857142857143,1.0,0.16666666666666666,0.009900990099009901,0.2,0.08308855996467585,0.16666666666666669,1,1,0,1,0,0,0,0,0,1,0,0,1,0,0,0,0
0.0,0.0,0.0,0.0,0.0,0.0,0.0,0.0,0.0,0.0,0.0,0.0,0.1,0.015625,0.5,0.047619047619047616,0.007142857142857143,1.0,0.16666666666666666,0.009900990099009901,0.2,0.0831077578759431,0.16666666666666669,1,1,0,1,0,0,0,0,0,1,0,0,1,0,0,0,0
0.0,0.0,0.0,0.0,0.0,0.0,0.0,0.0,0.0,0.0,0.0,0.0,0.1,0.015625,0.5,0.047619047619047616,0.007142857142857143,1.0,0.16666666666666666,0.009900990099009901,0.2,0.08316535160974486,0.16666666666666669,1,1,0,1,0,0,0,0,0,1,0,0,1,0,0,0,0
0.0,0.0,0.0,0.0,0.0,0.0,0.0,0.0,0.0,0.0,0.0,0.0,0.1,0.015625,0.5,0.047619047619047616,0.007142857142857143,1.0,0.16666666666666666,0.009900990099009901,0.2,0.0831845495210121,0.16666666666666669,1,1,0,1,0,0,0,0,0,1,0,0,1,0,0,0,0
0.0,0.0,0.0,0.0,0.0,0.0,0.0,0.0,0.0,0.0,0.0,0.0,0.1,0.015625,0.5,0.047619047619047616,0.007142857142857143,1.0,0.16666666666666666,0.009900990099009901,0.2,0.08324214325481387,0.16666666666666669,1,1,0,1,0,0,0,0,0,1,0,0,1,0,0,0,0
0.0,0.0,0.0,0.0,0.0,0.0,0.0,0.0,0.0,0.0,0.0,0.0,0.1,0.015625,0.5,0.047619047619047616,0.007142857142857143,1.0,0.16666666666666666,0.009900990099009901,0.2,0.08333813281115014,0.16666666666666669,1,1,0,1,0,0,0,0,0,1,0,0,1,0,0,0,0
0.0,0.0,0.0,0.0,0.0,0.0,0.0,0.0,0.0,0.0,0.0,0.0,0.1,0.015625,0.5,0.047619047619047616,0.007142857142857143,1.0,0.16666666666666666,0.009900990099009901,0.2,0.0833957265449519,0.16666666666666669,1,1,0,1,0,0,0,0,0,1,0,0,1,0,0,0,0
0.0,0.0,0.0,0.0,0.0009297781670568816,3.346608212576554e-05,1.9742167295125657e-05,1.2766663687778473e-05,1.0074044225054148e-05,1.1277389960867456e-05,1.0109076940184591e-05,0.8771929824561403,0.0,0.0,0.0,0.0,0.0,0.0,0.0,0.0,0.0,0.08349171610128818,0.16666666666666669,1,0,1,0,0,0,0,0,0,0,0,0,0,0,0,0,0
0.0,0.0,0.0,0.0,0.0,0.0,0.0,0.0,0.0,0.0,0.0,0.0,0.1,0.015625,0.5,0.047619047619047616,0.007142857142857143,1.0,0.16666666666666666,0.009900990099009901,0.2,0.08358770565762445,0.16666666666666669,1,1,0,1,0,0,1,0,0,0,0,0,1,0,0,0,0
0.0,0.0,0.0,0.0,0.0,0.0,0.0,0.0,0.0,0.0,0.0,0.0,0.1,0.015625,0.5,0.047619047619047616,0.007142857142857143,1.0,0.16666666666666666,0.009900990099009901,0.2,0.08360690356889171,0.16666666666666669,1,1,0,1,0,0,1,0,0,0,0,0,1,0,0,0,0
0.0,0.0,0.0,0.0,0.0,0.0,0.0,0.0,0.0,0.0,0.0,0.0,0.1,0.03125,0.5,0.047619047619047616,0.8642857142857142,1.0,0.16666666666666666,0.009900990099009901,0.20600000000000002,0.02712664862063007,0.9333333333333333,1,1,0,0,0,1,0,1,0,0,0,0,0,0,0,1,0
0.0,0.0,0.0,0.0,0.0,0.0,0.0,0.0,0.0,0.0,0.0,0.0,0.1,0.03125,0.5,0.047619047619047616,0.8642857142857142,1.0,0.3333333333333333,0.009900990099009901,0.20400000000000001,0.02712664862063007,0.9333333333333333,1,1,0,0,0,1,0,1,0,0,0,0,0,0,0,1,0
0.0,0.0,0.0,0.0,0.0,0.0,0.0,0.0,0.0,0.0,0.0,0.0,0.1,0.03125,0.5,0.047619047619047616,0.8642857142857142,1.0,0.3333333333333333,0.009900990099009901,0.202,0.02712664862063007,0.9333333333333333,1,1,0,0,0,1,0,1,0,0,0,0,0,0,0,1,0
0.0,0.0,0.0,0.0,0.0,0.0,0.0,0.0,0.0,0.0,0.0,0.0,0.1,0.03125,0.5,0.047619047619047616,0.8642857142857142,1.0,0.5,0.009900990099009901,0.20400000000000001,0.02712664862063007,0.9333333333333333,1,1,0,0,0,1,0,1,0,0,0,0,0,0,0,1,0
0.0,0.0,0.0,0.0,0.0,0.0,0.0,0.0,0.0,0.0,0.0,0.0,0.1,0.03125,0.5,0.047619047619047616,0.8642857142857142,1.0,0.16666666666666666,0.009900990099009901,0.202,0.02712664862063007,0.9333333333333333,1,1,0,0,0,1,0,1,0,0,0,0,0,0,0,1,0
0.0,0.0,0.0,0.0,0.0,0.0,0.0,0.0,0.0,0.0,0.0,0.0,0.2,0.015625,0.5,0.047619047619047616,0.8642857142857142,1.0,0.6666666666666666,0.009900990099009901,0.202,0.02712664862063007,0.9333333333333333,1,1,0,0,0,1,0,1,0,0,0,0,0,0,1,0,0
0.0,0.0,0.0,0.0,0.0,0.0,0.0,0.0,0.0,0.0,0.0,0.0,0.2,0.015625,0.5,0.047619047619047616,0.8642857142857142,1.0,0.3333333333333333,0.009900990099009901,0.21200000000000002,0.02712664862063007,0.9333333333333333,1,1,0,0,0,1,0,1,0,0,0,0,0,0,1,0,0
0.0,0.0,0.0,0.0,0.0,0.0,0.0,0.0,0.0,0.0,0.0,0.0,0.2,0.015625,0.5,0.047619047619047616,0.8642857142857142,1.0,0.16666666666666666,0.009900990099009901,0.21000000000000002,0.02712664862063007,0.9333333333333333,1,1,0,0,0,1,0,1,0,0,0,0,0,0,1,0,0
0.0,0.0,0.0,0.0,0.0,0.0,0.0,0.0,0.0,0.0,0.0,0.0,0.2,0.015625,0.5,0.047619047619047616,0.8642857142857142,1.0,0.5,0.009900990099009901,0.202,0.02712664862063007,0.9333333333333333,1,1,0,0,0,1,0,1,0,0,0,0,0,0,1,0,0
0.0,0.0,0.0,0.0,0.0,0.0,0.0,0.0,0.0,0.0,0.0,0.0,0.1,0.03125,0.5,0.047619047619047616,0.8642857142857142,1.0,0.16666666666666666,0.009900990099009901,0.20800000000000002,0.02712664862063007,0.9333333333333333,1,1,0,0,0,1,0,1,0,0,0,0,0,0,0,1,0
0.0,0.0,0.0,0.0,0.0,0.0,0.0,0.0,0.0,0.0,0.0,0.0,0.1,0.03125,0.5,0.047619047619047616,0.8642857142857142,1.0,0.5,0.009900990099009901,0.21000000000000002,0.02712664862063007,0.9333333333333333,1,1,0,0,0,1,0,1,0,0,0,0,0,0,0,1,0
0.0,0.0,0.0,0.0,0.0,0.0,0.0,0.0,0.0,0.0,0.0,0.0,0.1,0.03125,0.5,0.047619047619047616,0.8642857142857142,1.0,0.6666666666666666,0.009900990099009901,0.202,0.02712664862063007,0.9333333333333333,1,1,0,0,0,1,0,1,0,0,0,0,0,0,0,1,0
0.0,0.0,0.0,0.0,0.0,0.0,0.0,0.0,0.0,0.0,0.0,0.0,0.1,0.03125,0.5,0.047619047619047616,0.8642857142857142,1.0,0.16666666666666666,0.009900990099009901,0.4,0.02712664862063007,0.9333333333333333,1,1,0,0,0,1,0,1,0,0,0,0,0,0,0,1,0
0.0,0.0,0.0,0.0,0.0,0.0,0.0,0.0,0.0,0.0,0.0,0.0,0.1,0.03125,0.5,0.047619047619047616,0.8642857142857142,1.0,0.3333333333333333,0.009900990099009901,0.4,0.02712664862063007,0.9333333333333333,1,1,0,0,0,1,0,1,0,0,0,0,0,0,0,1,0
0.0,0.0,0.0,0.0,0.0,0.0,0.0,0.0,0.0,0.0,0.0,0.0,0.1,0.03125,0.5,0.047619047619047616,0.8642857142857142,1.0,0.6666666666666666,0.009900990099009901,0.20400000000000001,0.02712664862063007,0.9333333333333333,1,1,0,0,0,1,0,1,0,0,0,0,0,0,0,1,0
0.0,0.0,0.0,0.0,3.3687614748437736e-06,3.346608212576554e-05,0.008212741594772274,0.5140497133884002,0.02402659547675414,1.1277389960867456e-05,1.0109076940184591e-05,0.8771929824561403,0.1,0.03125,0.5,0.047619047619047616,0.8642857142857142,1.0,0.16666666666666666,0.009900990099009901,0.202,0.0272418360882336,0.9333333333333333,1,0,0,0,0,1,0,1,0,0,0,0,0,0,0,1,0
0.0,0.0,0.0,0.0,3.3687614748437736e-06,3.346608212576554e-05,0.008212741594772274,0.5140497133884002,0.02237445222384526,1.1277389960867456e-05,1.0109076940184591e-05,0.8771929824561403,0.1,0.03125,0.5,0.047619047619047616,0.8642857142857142,1.0,0.16666666666666666,0.009900990099009901,0.202,0.0272418360882336,0.9333333333333333,1,0,0,0,0,1,0,1,0,0,0,0,0,0,0,1,0
0.0,0.0,0.0,0.0,0.0,0.0,0.0,0.0,0.0,0.0,0.0,0.0,0.1,0.03125,0.5,0.047619047619047616,0.8642857142857142,1.0,0.3333333333333333,0.009900990099009901,0.202,0.0272418360882336,0.9333333333333333,1,1,0,0,0,1,0,1,0,0,0,0,0,0,0,1,0
0.0,0.0,0.0,0.0,0.0,0.0,0.0,0.0,0.0,0.0,0.0,0.0,0.1,0.03125,0.5,0.047619047619047616,0.8642857142857142,1.0,0.6666666666666666,0.009900990099009901,0.2,0.0272418360882336,0.9333333333333333,1,1,0,0,0,1,0,1,0,0,0,0,0,0,0,1,0
0.0,0.0,0.0,0.0,0.0,0.0,0.0,0.0,0.0,0.0,0.0,0.0,0.1,0.03125,0.5,0.047619047619047616,0.8642857142857142,1.0,0.5,0.009900990099009901,0.20600000000000002,0.0272418360882336,0.9333333333333333,1,1,0,0,0,1,0,1,0,0,0,0,0,0,0,1,0
0.0,0.0,0.0,0.0,3.3687614748437734e-05,3.346608212576554e-05,0.011647878704124138,0.008140024767327555,0.16804513171812824,1.1277389960867456e-05,1.0109076940184591e-05,0.8771929824561403,0.1,0.078125,0.5,0.047619047619047616,0.8642857142857142,1.0,0.3333333333333333,0.009900990099009901,0.2,0.029296012593829787,0.8333333333333334,1,0,0,0,0,1,0,0,1,0,0,0,0,0,0,1,0
0.0,0.0,0.0,0.0,2.3581330323906415e-05,3.346608212576554e-05,0.011647878704124138,0.00814257810006511,0.16804513171812824,1.1277389960867456e-05,1.0109076940184591e-05,0.8771929824561403,0.1,0.078125,0.5,0.047619047619047616,0.8642857142857142,1.0,0.3333333333333333,0.009900990099009901,0.2,0.029296012593829787,0.8333333333333334,1,0,0,0,0,1,0,0,1,0,0,0,0,0,0,1,0
0.0,0.0,0.0,0.0,2.695009179875019e-05,3.346608212576554e-05,0.011647878704124138,0.008143854766433888,0.17074497557044277,0.001454783304951902,0.002719341696909655,0.8771929824561403,0.1,0.078125,0.5,0.047619047619047616,0.8642857142857142,1.0,0.3333333333333333,0.009900990099009901,0.2,0.029296012593829787,0.8333333333333334,1,0,0,0,0,1,0,0,1,0,0,0,0,0,0,1,0
0.0,0.0,0.0,0.0,2.3581330323906415e-05,3.346608212576554e-05,0.011647878704124138,0.008143854766433888,0.17074497557044277,1.1277389960867456e-05,1.0109076940184591e-05,0.8771929824561403,0.1,0.078125,0.5,0.047619047619047616,0.8642857142857142,1.0,0.3333333333333333,0.009900990099009901,0.2,0.029296012593829787,0.8333333333333334,1,0,0,0,0,1,0,0,1,0,0,0,0,0,0,1,0
0.0,0.0,0.0,0.0,2.695009179875019e-05,3.346608212576554e-05,0.011647878704124138,0.008145131432802667,0.17102704880874428,1.1277389960867456e-05,1.0109076940184591e-05,0.8771929824561403,0.1,0.078125,0.5,0.047619047619047616,0.8642857142857142,1.0,0.3333333333333333,0.009900990099009901,0.2,0.029296012593829787,0.8333333333333334,1,0,0,0,0,1,0,0,1,0,0,0,0,0,0,1,0
0.0,0.0,0.0,0.0,2.3581330323906415e-05,3.346608212576554e-05,0.011647878704124138,0.008145131432802667,0.14692993502241475,1.1277389960867456e-05,0.023463167578168437,0.8771929824561403,0.1,0.078125,0.5,0.047619047619047616,0.8642857142857142,1.0,0.3333333333333333,0.009900990099009901,0.2,0.029296012593829787,0.8333333333333334,1,0,0,0,0,1,0,0,1,0,0,0,0,0,0,1,0
0.0,0.0,0.0,0.0,2.695009179875019e-05,3.346608212576554e-05,0.011647878704124138,0.008146408099171444,0.1482597088601219,1.1277389960867456e-05,1.0109076940184591e-05,0.8771929824561403,0.1,0.078125,0.5,0.047619047619047616,0.8642857142857142,1.0,0.3333333333333333,0.009900990099009901,0.2,0.029296012593829787,0.8333333333333334,1,0,0,0,0,1,0,0,1,0,0,0,0,0,0,1,0
0.0,0.0,0.0,0.0,3.3687614748437734e-05,3.346608212576554e-05,0.011647878704124138,0.008148961431909,0.14358535233969677,0.0014998928647953717,0.004700720777185835,0.8771929824561403,0.1,0.078125,0.5,0.047619047619047616,0.8642857142857142,1.0,0.3333333333333333,0.009900990099009901,0.2,0.029296012593829787,0.8333333333333334,1,0,0,0,0,1,0,0,1,0,0,0,0,0,0,1,0
0.0,0.0,0.0,0.0,2.695009179875019e-05,3.346608212576554e-05,0.011647878704124138,0.008148961431909,0.14358535233969677,1.1277389960867456e-05,1.0109076940184591e-05,0.8771929824561403,0.1,0.078125,0.5,0.047619047619047616,0.8642857142857142,1.0,0.3333333333333333,0.009900990099009901,0.2,0.029296012593829787,0.8333333333333334,1,0,0,0,0,1,0,0,1,0,0,0,0,0,0,1,0
0.0,0.0,0.0,0.0,2.021256884906264e-05,3.346608212576554e-05,0.011647878704124138,0.008148961431909,0.14358535233969677,1.1277389960867456e-05,1.0109076940184591e-05,0.8771929824561403,0.1,0.078125,0.5,0.047619047619047616,0.8642857142857142,1.0,0.3333333333333333,0.009900990099009901,0.2,0.029296012593829787,0.8333333333333334,1,0,0,0,0,1,0,0,1,0,0,0,0,0,0,1,0
0.0,0.0,0.0,0.0,2.695009179875019e-05,3.346608212576554e-05,0.011647878704124138,0.008150238098277777,0.14620460383821085,1.1277389960867456e-05,0.0026384690813881784,0.8771929824561403,0.1,0.078125,0.5,0.047619047619047616,0.8642857142857142,1.0,0.3333333333333333,0.009900990099009901,0.2,0.029296012593829787,0.8333333333333334,1,0,0,0,0,1,0,0,1,0,0,0,0,0,0,1,0
0.0,0.0,0.0,0.0,2.3581330323906415e-05,3.346608212576554e-05,0.011647878704124138,0.008151514764646555,0.14745378532211756,0.001454783304951902,0.001263634617523074,0.8771929824561403,0.1,0.078125,0.5,0.047619047619047616,0.8642857142857142,1.0,0.3333333333333333,0.009900990099009901,0.2,0.029296012593829787,0.8333333333333334,1,0,0,0,0,1,0,0,1,0,0,0,0,0,0,1,0
0.0,0.0,0.0,0.0,2.695009179875019e-05,3.346608212576554e-05,0.011647878704124138,0.008154068097384112,0.1487432629829245,0.001454783304951902,0.0013040709252838123,0.8771929824561403,0.1,0.078125,0.5,0.047619047619047616,0.8642857142857142,1.0,0.3333333333333333,0.009900990099009901,0.2,0.029296012593829787,0.8333333333333334,1,0,0,0,0,1,0,0,1,0,0,0,0,0,0,1,0
0.0,0.0,0.0,0.0,2.695009179875019e-05,3.346608212576554e-05,0.011647878704124138,0.008154068097384112,0.1487432629829245,1.1277389960867456e-05,1.0109076940184591e-05,0.8771929824561403,0.1,0.078125,0.5,0.047619047619047616,0.8642857142857142,1.0,0.3333333333333333,0.009900990099009901,0.2,0.029296012593829787,0.8333333333333334,1,0,0,0,0,1,0,0,1,0,0,0,0,0,0,1,0
0.0,0.0,0.0,0.0,2.695009179875019e-05,3.346608212576554e-05,0.011647878704124138,0.00815534476375289,0.1487432629829245,1.1277389960867456e-05,1.0109076940184591e-05,0.8771929824561403,0.1,0.078125,0.5,0.047619047619047616,0.8642857142857142,1.0,0.3333333333333333,0.009900990099009901,0.2,0.029296012593829787,0.8333333333333334,1,0,0,0,0,1,0,0,1,0,0,0,0,0,0,1,0
0.0,0.0,0.0,0.0,2.695009179875019e-05,0.00010039824637729663,0.011647878704124138,0.008156621430121667,0.13891099581927166,0.001454783304951902,0.0023149786193022714,0.8771929824561403,0.1,0.078125,0.5,0.047619047619047616,0.8642857142857142,1.0,0.3333333333333333,0.009900990099009901,0.2,0.029296012593829787,0.8333333333333334,1,0,0,0,0,1,0,0,1,0,0,0,0,0,0,1,0
0.0,0.0,0.0,0.0,3.0318853273593963e-05,0.00010039824637729663,0.011647878704124138,0.008156621430121667,0.13891099581927166,1.1277389960867456e-05,1.0109076940184591e-05,0.8771929824561403,0.1,0.078125,0.5,0.047619047619047616,0.8642857142857142,1.0,0.3333333333333333,0.009900990099009901,0.2,0.029296012593829787,0.8333333333333334,1,0,0,0,0,1,0,0,1,0,0,0,0,0,0,1,0
0.0,0.0,0.0,0.0,2.3581330323906415e-05,3.346608212576554e-05,0.011647878704124138,0.008157898096490444,0.13891099581927166,0.0014998928647953717,1.0109076940184591e-05,0.8771929824561403,0.1,0.078125,0.5,0.047619047619047616,0.8642857142857142,1.0,0.3333333333333333,0.009900990099009901,0.2,0.029296012593829787,0.8333333333333334,1,0,0,0,0,1,0,0,1,0,0,0,0,0,0,1,0
0.0,0.0,0.0,0.0,3.3687614748437734e-05,3.346608212576554e-05,0.011647878704124138,0.008157898096490444,0.13891099581927166,1.1277389960867456e-05,1.0109076940184591e-05,0.8771929824561403,0.1,0.078125,0.5,0.047619047619047616,0.8642857142857142,1.0,0.3333333333333333,0.009900990099009901,0.2,0.029296012593829787,0.8333333333333334,1,0,0,0,0,1,0,0,1,0,0,0,0,0,0,1,0
0.0,0.0,0.0,0.0,2.695009179875019e-05,3.346608212576554e-05,0.011647878704124138,0.008157898096490444,0.14128847025638444,1.1277389960867456e-05,1.0109076940184591e-05,0.8771929824561403,0.1,0.078125,0.5,0.047619047619047616,0.8642857142857142,1.0,0.3333333333333333,0.009900990099009901,0.2,0.029296012593829787,0.8333333333333334,1,0,0,0,0,1,0,0,1,0,0,0,0,0,0,1,0
2.2421021950180488e-05,2.6780214777322515e-05,8.110957904128478e-05,0.5025125628140703,0.0,0.0,0.0,0.0,0.0,0.0,0.0,0.0,0.1,0.015625,0.5,0.047619047619047616,0.007142857142857143,1.0,0.16666666666666666,0.009900990099009901,0.2,0.10347674173049971,0.16666666666666669,0,1,0,0,1,0,0,0,0,1,0,0,1,0,0,0,0
0.0,0.0,0.0,0.0,0.0,0.0,0.0,0.0,0.0,0.0,0.0,0.0,0.1,0.015625,0.5,0.047619047619047616,0.007142857142857143,1.0,0.16666666666666666,0.009900990099009901,0.2,0.10349593964176697,0.16666666666666669,1,1,0,0,1,0,0,0,0,1,0,0,1,0,0,0,0
0.0,0.0,0.0,0.0,0.0,0.0,0.0,0.0,0.0,0.0,0.0,0.0,0.1,0.015625,0.5,0.047619047619047616,0.007142857142857143,1.0,0.16666666666666666,0.009900990099009901,0.2,0.10351513755303422,0.16666666666666669,1,1,0,0,1,0,0,0,0,1,0,0,1,0,0,0,0
0.0,0.0,0.0,0.0,0.0,0.0,0.0,0.0,0.0,0.0,0.0,0.0,0.1,0.015625,0.5,0.047619047619047616,0.007142857142857143,1.0,0.16666666666666666,0.009900990099009901,0.2,0.10353433546430148,0.16666666666666669,1,1,0,0,1,0,0,0,0,1,0,0,1,0,0,0,0
0.0,0.0,0.0,0.0,0.0,0.0,0.0,0.0,0.0,0.0,0.0,0.0,0.1,0.015625,0.5,0.047619047619047616,0.007142857142857143,1.0,0.16666666666666666,0.009900990099009901,0.2,0.1038223041333103,0.16666666666666669,1,1,0,0,1,0,0,0,0,1,0,0,1,0,0,0,0
2.2421021950180488e-05,2.6780214777322515e-05,8.110957904128478e-05,0.5025125628140703,0.0,0.0,0.0,0.0,0.0,0.0,0.0,0.0,0.1,0.015625,0.5,0.047619047619047616,0.007142857142857143,1.0,0.16666666666666666,0.009900990099009901,0.2,0.10439824147132792,0.16666666666666669,0,1,0,0,1,0,0,0,0,1,0,0,1,0,0,0,0
2.2421021950180488e-05,2.6780214777322515e-05,8.110957904128478e-05,0.5025125628140703,0.0,0.0,0.0,0.0,0.0,0.0,0.0,0.0,0.1,0.015625,0.5,0.047619047619047616,0.007142857142857143,1.0,0.16666666666666666,0.009900990099009901,0.2,0.10441743938259516,0.16666666666666669,0,1,0,0,1,0,0,0,0,1,0,0,1,0,0,0,0
2.2421021950180488e-05,2.6780214777322515e-05,8.110957904128478e-05,0.5025125628140703,0.0,0.0,0.0,0.0,0.0,0.0,0.0,0.0,0.1,0.015625,0.5,0.047619047619047616,0.007142857142857143,1.0,0.16666666666666666,0.009900990099009901,0.2,0.10443663729386242,0.16666666666666669,0,1,0,0,1,0,0,0,0,1,0,0,1,0,0,0,0
2.2421021950180488e-05,2.6780214777322515e-05,8.110957904128478e-05,0.5025125628140703,0.0,0.0,0.0,0.0,0.0,0.0,0.0,0.0,0.0,0.0,0.0,0.0,0.0,0.0,0.0,0.0,0.0,0.10445583520512967,0.16666666666666669,0,1,1,0,0,0,0,0,0,0,0,0,0,0,0,0,0
0.0,0.0,0.0,0.0,0.0,0.0,0.0,0.0,0.0,0.0,0.0,0.0,0.1,0.015625,0.5,0.047619047619047616,0.007142857142857143,1.0,0.16666666666666666,0.009900990099009901,0.2,0.10447503311639693,0.16666666666666669,1,1,0,0,1,0,0,0,0,1,0,0,1,0,0,0,0
0.0,0.0,0.0,0.0,0.0,0.0,0.0,0.0,0.0,0.0,0.0,0.0,0.1,0.015625,0.5,0.047619047619047616,0.007142857142857143,1.0,0.16666666666666666,0.009900990099009901,0.2,0.10449423102766418,0.16666666666666669,1,1,0,0,1,0,0,0,0,1,0,0,1,0,0,0,0
0.0,0.0,0.0,0.0,0.0,0.0,0.0,0.0,0.0,0.0,0.0,0.0,0.1,0.015625,0.5,0.047619047619047616,0.007142857142857143,1.0,0.16666666666666666,0.009900990099009901,0.2,0.10455182476146595,0.16666666666666669,1,1,0,0,1,0,0,0,0,1,0,0,1,0,0,0,0
0.0,0.0,0.0,0.0,0.0,0.0,0.0,0.0,0.0,0.0,0.0,0.0,0.1,0.015625,0.5,0.047619047619047616,0.007142857142857143,1.0,0.16666666666666666,0.009900990099009901,0.2,0.1045710226727332,0.16666666666666669,1,1,0,0,1,0,0,0,0,1,0,0,1,0,0,0,0
0.0,0.0,0.0,0.0,0.0,0.0,0.0,0.0,0.0,0.0,0.0,0.0,0.1,0.015625,0.5,0.047619047619047616,0.007142857142857143,1.0,0.16666666666666666,0.009900990099009901,0.2,0.10459022058400046,0.16666666666666669,1,1,0,0,1,0,0,0,0,1,0,0,1,0,0,0,0
2.2421021950180488e-05,2.6780214777322515e-05,8.110957904128478e-05,0.5025125628140703,0.0,0.0,0.0,0.0,0.0,0.0,0.0,0.0,0.0,0.0,0.0,0.0,0.0,0.0,0.0,0.0,0.0,0.10462861640653497,0.16666666666666669,0,1,1,0,0,0,0,0,0,0,0,0,0,0,0,0,0
0.0,0.0,0.0,0.0,0.0,0.0,0.0,0.0,0.0,0.0,0.0,0.0,0.1,0.015625,0.5,0.047619047619047616,0.007142857142857143,1.0,0.16666666666666666,0.009900990099009901,0.2,0.10464781431780222,0.16666666666666669,1,1,0,0,1,0,0,0,0,1,0,0,1,0,0,0,0
0.0,0.0,0.0,0.0,0.0,0.0,0.0,0.0,0.0,0.0,0.0,0.0,0.1,0.015625,0.5,0.047619047619047616,0.007142857142857143,1.0,0.16666666666666666,0.009900990099009901,0.2,0.10468621014033673,0.16666666666666669,1,1,0,0,1,0,0,0,0,1,0,0,1,0,0,0,0
2.2421021950180488e-05,2.6780214777322515e-05,8.110957904128478e-05,0.5025125628140703,0.0,0.0,0.0,0.0,0.0,0.0,0.0,0.0,0.1,0.015625,0.5,0.047619047619047616,0.007142857142857143,1.0,0.16666666666666666,0.009900990099009901,0.2,0.104782199696673,0.16666666666666669,0,1,0,0,1,0,0,0,0,1,0,0,1,0,0,0,0
2.2421021950180488e-05,2.6780214777322515e-05,8.110957904128478e-05,0.5025125628140703,0.0,0.0,0.0,0.0,0.0,0.0,0.0,0.0,0.1,0.015625,0.5,0.047619047619047616,0.007142857142857143,1.0,0.16666666666666666,0.009900990099009901,0.2,0.10480139760794026,0.16666666666666669,0,1,0,0,1,0,0,0,0,1,0,0,1,0,0,0,0
2.2421021950180488e-05,2.6780214777322515e-05,8.110957904128478e-05,0.5025125628140703,0.0,0.0,0.0,0.0,0.0,0.0,0.0,0.0,0.1,0.015625,0.5,0.047619047619047616,0.007142857142857143,1.0,0.16666666666666666,0.009900990099009901,0.2,0.10482059551920751,0.16666666666666669,0,1,0,0,1,0,0,0,0,1,0,0,1,0,0,0,0
