dev_backdoor,dev_ddos,dev_dos,dev_injection,dev_mitm,dev_normal,dev_password,dev_ransomware,dev_scanning,dev_xss,lin_backdoor,lin_ddos,lin_dos,lin_injection,lin_mitm,lin_normal,lin_password,lin_ransomware,lin_scanning,lin_xss,net_backdoor,net_ddos,net_dos,net_injection,net_mitm,net_normal,net_password,net_ransomware,net_scanning,net_xss,predicted,proba_backdoor,proba_ddos,proba_dos,proba_injection,proba_mitm,proba_normal,proba_password,proba_ransomware,proba_scanning,proba_xss
0.0013378225,1.3350315e-07,,2.4337243e-05,,0.9982249,0.00037089648,5.624648e-08,4.1669748e-05,1.0595855e-07,,0.6847347,0.0005362259,0.00042195036,0.00058805733,0.16895239,0.14364502,,0.0009852251,0.00013644209,0.00069561764,4.8701254e-06,0.0008288037,0.0027115576,0.9894252,7.7328965e-05,6.771452e-05,8.276386e-06,0.0001925319,0.0059880354,mitm,7.527290603859748e-05,0.00281324609503283,0.0014955880843569782,0.00013857994749932466,0.9902997900896883,0.004692420551676455,0.00018722438463144748,2.4740657085765573e-05,0.0002333019981553209,3.983528583512305e-05
0.00036509323,8.123812e-08,,1.3459242e-05,,0.99952006,8.814073e-05,1.7907427e-08,1.3071171e-05,7.874004e-08,,0.6849157,0.00053578534,0.00042137495,0.00058748847,0.16885906,0.1435588,,0.0009852581,0.00013648858,0.00201033,8.623329e-06,0.0016598492,0.0067327,0.97347236,9.696668e-05,0.00010615008,9.755555e-06,0.00049018604,0.015413142,mitm,7.737442903524851e-05,0.0027745673010471173,0.0015484413660683165,0.00014514641651742493,0.9902188434201922,0.004735197575424146,0.00019090633775940626,2.5832046882881623e-05,0.00024154996037094252,4.214114670235443e-05
9.569844e-05,6.1805494e-08,,8.125651e-06,,0.9998685,2.3039736e-05,6.457371e-09,4.3352265e-06,6.0575864e-08,,0.68511665,0.00053530914,0.00042074878,0.00058686663,0.16875547,0.14346306,,0.0009853151,0.00013653877,0.0021921853,1.1546056e-05,0.002108035,0.0073337997,0.96610916,0.0001359364,0.00013101418,1.3611587e-05,0.0004589961,0.021505771,mitm,7.85070376955194e-05,0.002743766611556217,0.0015854287736225795,0.00014728827028200563,0.9901825457451673,0.004754619908468184,0.00019120611726732763,2.641925847668776e-05,0.0002466882544008713,4.3530023063210655e-05
2.549237e-05,6.140762e-08,,5.5274795e-06,,0.99995995,7.2923913e-06,2.6448175e-09,1.6689479e-06,4.478501e-08,,0.6853359,0.0005348027,0.00042007738,0.00058619736,0.16864254,0.14335854,,0.0009853982,0.00013659248,0.00056588557,7.023893e-06,0.0011749327,0.0019509663,0.98937654,9.28758e-05,9.574324e-05,1.8742498e-05,0.00011343321,0.006603773,mitm,7.467686611570872e-05,0.0027834323596697794,0.0015071479260565664,0.000137072222922696,0.990354029764711,0.004662423920539691,0.00018466329573300146,2.454355355478768e-05,0.00023252252497829243,3.948756571833314e-05
5.5243704e-06,9.599288e-08,,5.509244e-06,,0.9999857,2.4411477e-06,5.399434e-10,6.417094e-07,1.0817294e-07,,0.6855721,0.0005342681,0.00041936385,0.00058548467,0.16852084,0.14324582,,0.0009855089,0.00013664922,0.00012362466,7.2619177e-06,0.0009315626,0.00061073096,0.9962154,1.36845565e-05,8.6948894e-05,5.421827e-05,2.7620297e-05,0.0019289341,mitm,7.349148435390844e-05,0.002795057915406546,0.0014819301858821309,0.00013427203745906886,0.990415301209654,0.00462680581604618,0.00018272757535917994,2.4007824765099253e-05,0.00022813502350378504,3.827092757041019e-05
1.8689906e-06,2.041349e-07,,7.258047e-06,,0.99998856,1.5431507e-06,2.2909025e-10,4.106136e-07,1.552445e-07,,0.68582356,0.00053370994,0.00041861384,0.00058473443,0.16839157,0.14312547,,0.0009856481,0.00013670912,0.00010332245,6.913933e-06,0.0010352465,0.0006130706,0.9955604,1.0727142e-05,0.00010349553,5.2531926e-05,6.7360015e-05,0.002446921,mitm,7.357909512745803e-05,0.002790533429981549,0.0014851952147546435,0.0001343589889000356,0.9904214465932057,0.004621390763211748,0.00018249485355221508,2.4059153866504774e-05,0.00022861982555651071,3.83220818437496e-05
1.1518092e-06,5.7187947e-07,,1.2520592e-05,,0.99998343,1.599025e-06,1.4080238e-10,4.266139e-07,2.6577422e-07,,0.6860884,0.00053313223,0.00041783263,0.0005839522,0.16825558,0.1429985,,0.0009858162,0.00013677194,0.00014806761,3.955148e-06,0.0013923256,0.0010567267,0.9939075,1.4594015e-05,0.00012104766,2.2701775e-05,0.00010067305,0.0032324768,mitm,7.374420251601247e-05,0.0027857045644975333,0.0014920119942574608,0.00013503441680158185,0.9904226043600236,0.004616173322586281,0.00018277209063778386,2.416575334631949e-05,0.00022937579216812947,3.8413503165363365e-05
9.656242e-07,1.279697e-06,,2.0510017e-05,,0.9999746,1.8239089e-06,1.3450056e-10,4.949274e-07,2.8453752e-07,,0.68636477,0.00053253863,0.000417024,0.0005831432,0.16811368,0.14286594,,0.0009860126,0.00013683722,0.0005367523,3.3711606e-06,0.0022002403,0.0017734428,0.9891537,2.1376954e-05,0.00014162782,1.4143973e-05,0.00026126622,0.005894037,mitm,7.476871527170565e-05,0.0027716228649075254,0.001517140039778087,0.00013682727664302265,0.9903999246829166,0.004619650647511399,0.0001838864239266447,2.4531214724388795e-05,0.00023272492317019197,3.892321115054181e-05
1.3307588e-06,3.5156916e-06,,4.5324792e-05,,0.99994564,2.9345024e-06,1.314866e-10,7.6814626e-07,6.253413e-07,,0.68665135,0.00053193216,0.00041619255,0.00058231223,0.16796656,0.14272846,,0.0009862346,0.00013690493,0.0016138435,3.902914e-06,0.0028654637,0.0016238671,0.9882664,8.82767e-06,9.470922e-05,2.007333e-05,0.0004741073,0.0050287507,mitm,7.618698679919084e-05,0.002769659133713838,0.0015298275088746424,0.00013743090886349522,0.9903944814549102,0.004609400177582534,0.00018490674845849557,2.4655207810092665e-05,0.00023475985208779073,3.8692020899606625e-05
1.8861435e-06,7.0503465e-06,,7.7649034e-05,,0.99990714,4.3518226e-06,1.5158827e-10,1.0650848e-06,8.7061363e-07,,0.68694603,0.00053131615,0.00041534242,0.00058146456,0.16781516,0.14258724,,0.0009864802,0.00013697478,0.002001305,8.290958e-06,0.0037630387,0.0021034179,0.9858861,1.25202505e-05,7.2265975e-05,1.836632e-05,0.00056179124,0.0055728867,mitm,7.690669128736036e-05,0.002763560932852912,0.0015466267753942908,0.00013856648578513658,0.9903872918822764,0.004601222342091162,0.00018584781789489967,2.483563983146557e-05,0.00023645635165058852,3.868508093594261e-05
2.208881e-06,8.907377e-06,,8.61877e-05,,0.99989414,6.37367e-06,2.3972282e-10,1.7536205e-06,3.2886237e-07,,0.615681,0.0008235913,0.0007500286,0.0009202939,0.20693868,0.17357653,,0.0011882946,0.00012154727,0.0012299925,8.69761e-06,0.0013887791,0.0013437058,0.9924183,2.7930388e-05,0.00010319781,7.307866e-06,0.00046448168,0.0030075875,mitm,8.603413653218891e-05,0.0033054662177583126,0.0018939601978089596,0.00016252880855314677,0.9866084483081861,0.007311551821310757,0.0002969194690296344,2.4428436538077107e-05,0.0002536389942576233,5.702361002506301e-05
3.1838592e-06,3.8146823e-06,,3.4204717e-05,,0.9999474,7.884194e-06,9.035937e-10,3.3970218e-06,9.124638e-08,,0.6257094,0.0008330465,0.0008793612,0.00093434524,0.19934879,0.17076986,,0.0013709329,0.00015418402,0.00044526425,1.0023737e-05,0.0005697803,0.0009296389,0.9956156,2.4075911e-05,0.0001544359,7.1033796e-06,0.00028343083,0.0019606235,mitm,8.157242844532429e-05,0.003209836329036066,0.0018008651302680164,0.00015608979617616925,0.9873765414976902,0.006776126213774852,0.00027492229852499984,2.3866252902473738e-05,0.00024705279228076876,5.312726090117388e-05
2.6054686e-06,1.3183802e-06,,1.6879305e-05,,0.99997103,4.820255e-06,2.610192e-09,3.2344904e-06,6.879699e-08,,0.66316205,0.0008187154,0.0012372241,0.00068950665,0.20504302,0.12652873,,0.0022923215,0.00022839454,9.998095e-05,7.5269013e-06,0.00066895364,0.0012709717,0.996269,2.4092999e-05,0.00030108422,8.165793e-06,8.1160324e-05,0.0012689945,mitm,9.476025234000904e-05,0.0032357416696468314,0.0016758473955198125,0.00015555565297916261,0.9884718214691784,0.005835329938230868,0.0002113033554535907,2.8196867493215112e-05,0.00024221711192489841,4.9226287233077275e-05
4.857372e-06,2.0335735e-06,,3.2974007e-05,,0.9999379,1.2817867e-05,5.601979e-09,9.359561e-06,1.5881102e-07,,0.6778359,0.00085540337,0.0015034722,0.0007258858,0.19654964,0.11938534,,0.0028454766,0.0002989383,2.8853032e-05,4.1684752e-06,0.00036387006,0.0018123704,0.9966299,2.5750109e-05,0.000639034,7.805999e-06,3.1476546e-05,0.00045678127,mitm,9.173897234942595e-05,0.0031277791203223647,0.0015888317194201714,0.00015099483849324939,0.9892573264274752,0.005280676509300708,0.00019160436460400425,2.815106378097558e-05,0.00023758995450516901,4.53070297488405e-05
4.395451e-06,1.3640428e-06,,2.2405466e-05,,0.999951,1.0339055e-05,1.37985445e-08,1.004343e-05,3.2563685e-07,,0.70085293,0.0008249618,0.0017019701,0.0006533673,0.18929039,0.10231797,,0.0039432794,0.000415104,1.9279089e-05,4.3353893e-06,0.00025966993,0.0035083503,0.99453187,3.1932013e-05,0.0010023172,1.3077953e-05,2.5027919e-05,0.00060404354,mitm,9.211536452494e-05,0.0030258547093947514,0.0014863524195078222,0.00014791298363705832,0.9901499831880405,0.00462917491520701,0.00016477523261308229,2.935621034690415e-05,0.00023319597492301293,4.127900180456833e-05
6.192716e-06,2.3347795e-06,,2.7009488e-05,,0.99992573,1.817365e-05,1.0770485e-08,2.0183217e-05,4.0973e-07,,0.657375,0.0011431756,0.0024986095,0.0009757365,0.20078987,0.13208164,,0.0046997853,0.00043625192,1.2623471e-05,6.7165242e-06,0.000694013,0.013368102,0.9816598,9.4777766e-05,0.002881736,9.550713e-06,2.0407544e-05,0.0012523135,mitm,8.891344425287832e-05,0.00326736403730097,0.0016627437194119794,0.00017314546489941775,0.9883551310627381,0.005896167519964494,0.00023453435963735036,2.8076438983441503e-05,0.00024332863560316755,5.059531720809494e-05
1.5095474e-05,7.833221e-06,,0.00011573434,,0.9996106,0.000120469376,7.846575e-08,0.0001288184,1.3814017e-06,,0.6070436,0.001465056,0.00342395,0.0013302169,0.21738201,0.16293578,,0.005960425,0.00045895265,2.4385708e-05,3.6333442e-06,0.0012016055,0.010567088,0.9836322,0.00015766139,0.0032484075,3.9387255e-06,4.2828266e-05,0.0011182285,mitm,9.116943317303202e-05,0.003527671256358034,0.001968157807299033,0.0001894476428719773,0.9857410821779506,0.0078028923508744194,0.00032832128129847287,2.6426381326058916e-05,0.0002615239901413334,6.330767870705441e-05
4.500766e-05,3.1231568e-05,,0.00046457414,,0.9976324,0.0008188225,8.8272185e-07,0.0010013101,5.8647524e-06,,0.5470225,0.0018811288,0.004677584,0.0017573489,0.23810144,0.19839288,,0.007692878,0.00047427384,5.8118178e-05,2.784779e-06,0.0019628988,0.010844234,0.983461,0.00021325388,0.0020847027,3.9534984e-06,8.316697e-05,0.0012858594,mitm,9.377191499648264e-05,0.003934451262074154,0.002374691207969836,0.00021632426160211985,0.9815478077113415,0.010945142978978329,0.0004953287212544167,2.5093908993287086e-05,0.0002833714188733558,8.401661391650565e-05
0.00039435853,0.00016418002,,0.0015690246,,0.97175634,0.009260036,0.00018943954,0.016611295,5.5218974e-05,,0.51659423,0.0021829368,0.0060601905,0.0014685843,0.2492439,0.21425255,,0.009616959,0.0005806615,0.00015903823,2.7807528e-06,0.0016243143,0.01134993,0.98358846,0.00018086164,0.0019184183,3.5601522e-06,0.00010087761,0.0010717623,mitm,0.00010684158150034592,0.004668262113107217,0.0026120070257086804,0.000255081679464759,0.9770746770894154,0.014115029098803777,0.0006985085272982475,2.9414520408676035e-05,0.00033148204601073095,0.000108696318282195
0.0008063663,0.00044235884,,0.0056675575,,0.8775897,0.043661524,0.000729573,0.07084104,0.00026182152,,0.42053396,0.003200311,0.009147027,0.0013421294,0.22462259,0.32908866,,0.011312919,0.0007523044,0.00029808292,4.091243e-06,0.0008055042,0.011721796,0.9844424,0.00010186737,0.0020962704,2.008877e-06,8.056745e-05,0.0004473413,mitm,9.980691097004477e-05,0.006775119636254062,0.003082210060315033,0.0003587070631397132,0.960639811235631,0.02602701285860353,0.002277797243050354,3.552219267755865e-05,0.0005150281480153072,0.00018898465134346487
0.002144534,0.0009478958,,0.009434774,,0.4733878,0.21575049,0.003032455,0.2944442,0.00085790927,,0.30187786,0.004657895,0.014155698,0.0011226842,0.18452993,0.47949073,,0.013122561,0.0010426389,0.00050008245,5.770999e-05,0.00056101783,0.42709735,0.4752553,0.00031374543,0.09414943,2.5962477e-06,0.0001842726,0.001878491,mitm,6.493414935469648e-05,0.04417607640072181,0.0008420452824356869,0.019258323822397262,0.5089708231790192,0.10180053809057076,0.32188342587417496,0.0004801074092513752,0.0010140173296814903,0.0015097084623927222
0.003308345,0.00052974705,,0.0074680513,,0.12130202,0.42802778,0.0033019544,0.43533167,0.0007305504,,0.18766078,0.0063137556,0.020279666,0.0008265978,0.12960367,0.63991684,,0.01394019,0.0014585343,7.083744e-05,4.7606653e-05,0.00013223907,0.80862033,0.026602423,8.85099e-05,0.16258883,1.8299128e-06,9.058941e-05,0.0017567489,password,1.0254527319089211e-06,0.0075814773193271625,6.354339679452644e-06,0.018845770961147736,0.00887390000898821,0.007804535322862131,0.9564371631282269,0.00011862123114145453,3.516483316317077e-05,0.00029598740273177517
0.0028763555,0.00017928702,,0.0022605534,,0.012752253,0.5465114,0.0010874425,0.4338934,0.0004393568,,0.10689464,0.0076887007,0.025242021,0.00055244885,0.07967637,0.7643986,,0.013553396,0.0019938056,4.751839e-05,4.027644e-05,0.00010224112,0.7859678,0.024857625,0.00012287905,0.1880028,1.833779e-06,5.710718e-05,0.0007998462,password,2.4701216251643884e-07,0.0025746774146882365,1.5953001095846904e-06,0.005631042370140861,0.00193707102572377,0.002326981020426075,0.9873636186457726,3.332944975343759e-05,9.913807895973024e-06,0.00012152395332719271
0.0035655082,8.704787e-05,,0.0015074365,,0.0025105292,0.588319,0.0012706168,0.40231848,0.0004214231,,0.063314795,0.008327968,0.027170578,0.00036237744,0.04798806,0.8374305,,0.012765599,0.0026401186,1.8450777e-05,3.7092806e-05,7.5887125e-05,0.75194687,0.010516676,0.00020280405,0.23650737,1.7887054e-06,4.8713184e-05,0.00064437627,password,1.252627110609278e-07,0.0011443393095763826,1.017424644606537e-06,0.0029234280985469237,0.000919027465940172,0.001230739995056367,0.9936952016397504,1.3629535401568052e-05,5.676175823708365e-06,6.681509254870506e-05
0.0043077692,5.6677403e-05,,0.0010373776,,0.001269967,0.62002254,0.0009770918,0.37178898,0.0005396168,,0.042518422,0.008042649,0.026162341,0.00024602385,0.031406723,0.8760114,,0.012244959,0.0033673707,6.513374e-06,2.3823795e-05,9.2861046e-05,0.3089131,0.0017337756,0.00016684904,0.6885255,4.0047453e-06,6.009476e-05,0.00047343347,password,5.746473150681195e-07,4.4907361906597276e-05,3.7896377956943486e-06,0.00035277401355039744,0.00011614043444413431,0.0004355792394748921,0.9990125722432148,3.306844661512777e-06,1.921675066100436e-05,1.1138826975755862e-05
0.0034916042,6.476622e-05,,0.00050291826,,0.001127612,0.66559833,0.0006463649,0.32782838,0.00073999417,,0.032398865,0.007063679,0.023522861,0.00017507182,0.023044992,0.89755595,,0.012114202,0.0041243765,4.89074e-06,1.29520095e-05,0.000105968866,0.12678784,0.00047173037,0.000112525835,0.8720836,4.085937e-06,8.889336e-05,0.00032752028,password,9.628282284131755e-07,1.1209302355916036e-05,5.278034954441806e-06,0.00012939064870708472,4.4149202639576445e-05,0.0002305492946814643,0.9995484422313318,1.6013509749118977e-06,2.3404024265096844e-05,5.0130818613437205e-06
0.00268167,7.971121e-05,,0.0006662678,,0.0011573477,0.6745406,0.00056333124,0.3194475,0.0008636079,,0.0269408,0.005830518,0.020434441,0.0001300878,0.018600583,0.91093695,,0.012263987,0.0048626135,6.6866573e-06,8.433973e-06,7.423748e-05,0.08903742,0.00029355224,6.568432e-05,0.9101216,3.6320243e-06,0.000105127445,0.00028365495,password,1.0001616457096862e-06,8.046770870232516e-06,5.425528990098972e-06,9.958695055486168e-05,3.522313362118148e-05,0.0002001448805616769,0.9996215971478883,1.2832893666489005e-06,2.3628539640732987e-05,4.063596860451437e-06
0.0021152277,9.8307246e-05,,0.000894689,,0.001240865,0.6946209,0.0004643881,0.29932576,0.0012398204,,0.01317254,0.0038447191,0.012176916,0.00013618777,0.011834947,0.9506162,,0.006622009,0.001596526,7.1719337e-06,9.5535315e-06,6.859519e-05,0.10822216,0.00025408206,5.8290363e-05,0.8909684,3.747065e-06,9.401547e-05,0.00031403775,password,6.634226016301293e-07,7.489216746679681e-06,3.745162268180199e-06,8.015060838668068e-05,3.061358424784121e-05,0.00017336049654070206,0.9996842911177615,9.43519324935173e-07,1.5286703604731555e-05,3.456168517064354e-06
0.0017864582,0.0001270028,,0.0011150826,,0.001227605,0.67640126,0.00035723706,0.31803247,0.0009529026,,0.01133482,0.0028587065,0.010147138,0.00011335089,0.009383512,0.95843804,,0.006202962,0.0015215139,5.305961e-06,8.5598795e-06,5.0223443e-05,0.06174842,0.00013883294,6.1805535e-05,0.9376777,3.4015484e-06,7.700455e-05,0.00022882504,password,8.016048771885869e-07,5.4704696960945015e-06,4.772178459577538e-06,6.666127289814204e-05,2.6706459305818027e-05,0.00018049239411023068,0.9996905556341531,8.58037797770614e-07,2.0789314787593893e-05,2.8926339144956884e-06
0.0013459158,0.00016083053,,0.0009881969,,0.0009388854,0.68344307,0.00021528851,0.3124082,0.00049967034,,0.009816873,0.0022938743,0.009086103,9.88764e-05,0.007642585,0.963248,,0.0062565696,0.0015570128,4.011493e-06,6.5022723e-06,4.1385534e-05,0.024023622,6.1922554e-05,6.205604e-05,0.9755881,3.065568e-06,5.846858e-05,0.00015084588,password,8.967231183920022e-07,4.1223148351503535e-06,5.1613851772555254e-06,5.429669531660003e-05,2.209451654900749e-05,0.00016134550011980253,0.9997266900975454,7.462126255897898e-07,2.219776250367383e-05,2.4487922091084674e-06
0.00093804946,0.00023204077,,0.0013020205,,0.0009115046,0.69462556,0.00016650617,0.30124736,0.0005770497,,0.009779908,0.0025094876,0.008818136,9.014692e-05,0.007191582,0.9638739,,0.006295967,0.001440892,3.4086847e-06,2.6401753e-05,4.9074555e-05,0.015427842,2.0663614e-05,4.9859867e-05,0.9842503,5.213938e-06,6.0041566e-05,0.000107199616,password,9.041786647914895e-07,3.820006643995132e-06,4.982875137536495e-06,5.063620704322423e-05,2.044374659539044e-05,0.000147702635723141,0.9997477614758673,7.02515637752468e-07,2.071644577987219e-05,2.3299129069133276e-06
0.0006640277,0.00027487954,,0.0028519481,,0.0011078586,0.71079385,0.0001409342,0.2835274,0.00063908903,,0.009576208,0.0031896802,0.00976132,9.497368e-05,0.005946204,0.96371377,,0.0062656747,0.0014521775,2.60069e-06,0.000101140045,7.030845e-05,0.01665276,1.2144916e-05,4.481566e-05,0.98290515,6.2896406e-06,6.678494e-05,0.0001380372,password,8.660209986784861e-07,3.7661360376674437e-06,4.541808318637561e-06,4.9280457857409744e-05,1.932407309455941e-05,0.00013220650516017904,0.9997691474052993,6.674351981878588e-07,1.7900336429144124e-05,2.2998216061937857e-06
0.0005409124,0.00038924653,,0.011410199,,0.0012186707,0.6986266,0.00012716076,0.28695825,0.00072894007,,0.013184207,0.0045855637,0.011541638,0.00011356937,0.0068697254,0.955105,,0.0070849285,0.0015152419,1.3778108e-06,0.00019890867,0.00021813806,0.005420932,3.4117145e-06,9.876639e-05,0.9937761,1.6454347e-05,0.00015225152,0.00011371694,password,1.0178985683086892e-06,3.7238054807655223e-06,5.218454733553307e-06,5.375706724585528e-05,1.9615324885937063e-05,0.00014300133963864208,0.9997490919166906,7.261173158006155e-07,2.1483851491656068e-05,2.364223948866747e-06
0.00039913456,0.0005186002,,0.012122008,,0.0015843911,0.683609,8.052823e-05,0.3011335,0.00055272767,,0.012169168,0.00563778,0.013041389,0.00015455135,0.005624679,0.95512265,,0.0067241234,0.0015256586,1.8512554e-06,0.0005132399,0.0014386985,0.0006753688,1.1292627e-06,0.00012933055,0.99551576,0.00014399177,0.0014468193,0.00013377232,password,1.0765734456049023e-06,3.7453464560938757e-06,5.966341008021044e-06,5.58141218956978e-05,2.0564522523175524e-05,0.00015636012206790513,0.9997280662232991,7.591589737215332e-07,2.5240695796980486e-05,2.4068945335990295e-06
0.00040472831,0.0006380215,,0.008382804,,0.0016001401,0.6709071,9.2028546e-05,0.31751728,0.0004579508,,0.017479308,0.008360877,0.014671628,0.00021302605,0.006107572,0.94514424,,0.006556601,0.0014666683,5.5725764e-06,0.00027064604,0.0005486502,0.00032577448,1.5723507e-06,0.00010423275,0.99672014,0.00010460588,0.0018674294,5.1339244e-05,password,1.1743686022571244e-06,3.977688766774445e-06,6.776649070024846e-06,6.0662063787509796e-05,2.275380352573809e-05,0.00017073725335648845,0.9997010708208449,8.447549166381009e-07,2.9455709955356607e-05,2.54688717429702e-06
0.00024361016,0.0013978347,,0.035394125,,0.0021037154,0.71122146,3.151833e-05,0.24836214,0.0012456262,,0.020021332,0.009787447,0.016091611,0.00032684437,0.005849213,0.94017965,,0.006303855,0.0014400256,1.2328437e-05,0.00033632538,0.00031070682,0.00027286945,1.8112014e-06,0.00010515822,0.99611205,4.526778e-05,0.002751299,5.2179763e-05,password,1.2040000858896677e-06,3.911827359890603e-06,5.19978073130224e-06,6.38063660385418e-05,1.8756221679563877e-05,0.0001340454276206384,0.9997489174108573,7.809876672875295e-07,2.0808014667725206e-05,2.569963291991294e-06
0.00021117828,0.0020634453,,0.045825984,,0.0023462297,0.71367127,2.8356062e-05,0.23453532,0.0013182461,,0.0174755,0.009795965,0.014514587,0.00036919705,0.004000465,0.94705415,,0.0055478285,0.0012421866,1.23155705e-05,0.002007752,0.0007923277,0.0003736919,5.5134356e-06,0.00015456819,0.9906346,0.00013547226,0.005805663,7.8030134e-05,password,1.2029280574180048e-06,3.970219254075669e-06,4.975372277545444e-06,6.416102384033876e-05,1.8085026729393032e-05,0.00013407600901176793,0.9997500887254013,7.560756602984113e-07,2.0094126416744685e-05,2.5904933511287623e-06
0.00019440666,0.0026753428,,0.06824421,,0.0025487163,0.7020487,2.4645446e-05,0.22327036,0.0009936152,,0.02036363,0.012072434,0.014794285,0.00047298928,0.0033010903,0.9425409,,0.00534229,0.0011123932,1.5890391e-05,0.004434542,0.0010307595,0.00023208983,7.405395e-06,0.0005137604,0.98291403,0.00031334686,0.010456567,8.1616e-05,password,1.407896500694943e-06,4.446709191858799e-06,5.370264745490152e-06,7.664948662294735e-05,1.8912026078791437e-05,0.0001519856674515563,0.9997142486938501,8.493911646767257e-07,2.3243626485753422e-05,2.8862379079894738e-06
0.00018748669,0.0038417731,,0.10890709,,0.0024617095,0.690835,1.0671637e-05,0.19292963,0.00082660466,,0.032454938,0.019556476,0.019573968,0.0007137116,0.0032483216,0.9174746,,0.0058550835,0.0011228721,2.1426225e-05,0.010902045,0.0011275278,0.00015615311,7.6967535e-06,0.0011632534,0.9699504,0.0005942768,0.01600057,7.668901e-05,password,2.036965718776771e-06,5.881794140595389e-06,6.337880540169201e-06,0.00011537297350172394,2.1087874638080752e-05,0.00018008380545909145,0.9996352483166614,1.1408887327394457e-06,2.9068468908786437e-05,3.741031698831191e-06
0.000119836914,0.010363358,,0.18556121,,0.002730138,0.68257976,5.5310707e-06,0.11812804,0.00051212526,,0.06713037,0.044104435,0.035254754,0.0014566416,0.0042867316,0.83894324,,0.007353721,0.0014700149,2.0960852e-05,0.014918201,0.0013493818,8.67548e-05,7.50991e-06,0.0018458845,0.9613254,0.0006692591,0.019695794,8.078228e-05,password,4.433148820364731e-06,9.686271739280395e-06,8.843197044341962e-06,0.000297746378183952,2.6371110311683106e-05,0.00021263772610614792,0.9993911685951626,2.0980931788178674e-06,4.084247858826098e-05,6.1730008642704235e-06
0.000107728105,0.011289653,,0.2088851,,0.0026057092,0.7030087,5.719157e-06,0.073985286,0.00011215067,,0.16416535,0.10603718,0.06884358,0.0027114018,0.0060282913,0.64040434,,0.009741653,0.002068182,9.279872e-06,0.8385206,0.002106758,0.0006393733,4.688476e-06,0.0020365373,0.14990687,0.00019771201,0.0063579134,0.00022023599,ddos,0.00041221415902016113,0.6515303272836385,0.0005014429481333697,0.0006644670532316909,0.0008483493895402408,0.002629541748017146,0.3414196087690615,0.0001690282813937235,3.413387499331404e-05,0.0017908864929704193
0.00010728673,0.018931622,,0.20015644,,0.0023763701,0.71702474,5.7171505e-06,0.061352495,4.525937e-05,,0.32578155,0.20406368,0.11222071,0.0039241672,0.006724688,0.33445337,,0.010276002,0.0025557636,8.209796e-06,0.9883428,0.0020125892,0.00014341049,1.753979e-07,9.017675e-05,0.00032771064,1.2884462e-05,0.0070312214,0.0020308224,ddos,0.0003061940654185805,0.9826256650309347,0.0002459309390702643,0.00024359692886872676,0.00036208588702567166,0.000239821663294354,0.015021430649105468,0.00012047834154244314,4.542288720897309e-06,0.000830254206018727
0.000119499724,0.02010703,,0.281824,,0.0019090503,0.6688474,2.2721242e-06,0.027155947,3.4882585e-05,,0.48220482,0.26646993,0.11596199,0.0039753094,0.0056518055,0.11613907,,0.007386657,0.0022103845,2.6062717e-06,0.9951821,0.0007012479,0.00025646077,1.1037916e-07,2.7400018e-05,0.000120085715,4.624128e-06,0.0017645162,0.0019408005,ddos,0.0006093099486481347,0.993391548171121,0.00022615165813762793,0.0004776921163388736,0.00037909901393854626,0.0001239070965963321,0.003984423241908597,0.0002066720522038004,4.114740669298746e-06,0.0005970819604378485
0.00012639843,0.021261249,,0.5596266,,0.0011399778,0.41154006,1.055767e-06,0.0062524546,5.2274136e-05,,0.5675108,0.28231326,0.10392389,0.0034425207,0.0041131712,0.0322184,,0.004767694,0.001710325,2.211705e-06,0.9970049,0.0004367444,0.00023927762,7.486091e-08,1.9523488e-05,0.00012635719,5.413024e-06,0.00069962326,0.0014657951,ddos,0.001778072104848016,0.9924395443455327,0.0002808520863676909,0.002368314310135828,0.00033752814683825154,0.0003698251480273902,0.0014270680102819269,0.0004388057022198934,1.8059990968108056e-05,0.0005419301547798887
0.00021311521,0.017582275,,0.4931791,,0.00092566636,0.48314,1.1268231e-06,0.0049178866,4.0768362e-05,,0.5873137,0.29066244,0.10215489,0.003126696,0.0030068439,0.008815488,,0.0034823578,0.0014376073,1.3347094e-06,0.99791485,0.00020995963,0.0004563202,1.3285012e-07,1.3812055e-05,0.0001301808,2.5571262e-06,0.00024110796,0.0010298115,ddos,0.001524799579865723,0.993674208868674,0.0002473213837358479,0.0016281965689561937,0.0003674607257297982,0.00022709375857614855,0.001424271149961993,0.00040246743194175726,1.0962211891938495e-05,0.0004932183206667707
0.00019819854,0.032376308,,0.40941167,,0.0010130276,0.55152893,1.4428733e-06,0.0054406784,2.9743613e-05,,0.5981335,0.2882653,0.10152279,0.003276004,0.0025642354,0.0027153562,,0.0024395967,0.0010832589,1.359575e-06,0.9980683,0.00019281523,0.00075127813,8.4351406e-08,2.78912e-05,9.149876e-05,1.7096726e-06,0.00021490284,0.0006501628,ddos,0.0011857140316103526,0.9949256126004443,0.00020265918822421925,0.0009439510875897998,0.0003637241857875028,0.0001397253535302779,0.0014636695840096778,0.0003293999336744558,6.646283986611303e-06,0.00043889775114275883
0.0003594043,0.022878895,,0.21092092,,0.0007326692,0.75959927,9.761217e-07,0.0054816515,2.6270527e-05,,0.5875058,0.28874734,0.1130673,0.003944707,0.0025205635,0.0010548547,,0.0022060324,0.00095340353,3.3653635e-06,0.99033093,0.00059324893,0.007831196,6.7759976e-07,2.2904036e-05,1.4671098e-05,2.8574714e-06,7.914129e-05,0.0011210318,ddos,0.0006260125950832323,0.9953730712529473,0.00015610739140248817,0.0003355952151829416,0.00043086810288554177,4.608111179111185e-05,0.0023548000478167824,0.00023784328869955917,1.9215227974297063e-06,0.00043769947139349623
0.0004025275,0.017247582,,0.15386133,,0.0006062131,0.8225371,9.855873e-07,0.005327268,1.698321e-05,,0.5801807,0.282104,0.12490451,0.0058456636,0.0028803565,0.0006083933,,0.0026081377,0.0008682968,1.7356363e-06,0.9944174,0.0004498969,0.0039509237,2.567036e-07,4.050086e-05,9.777897e-06,3.4999182e-06,5.034475e-05,0.0010756804,ddos,0.0005247188283139144,0.9953593793427676,0.00014667463296612899,0.0002347049981842222,0.00041705976275115814,3.1998103597276896e-05,0.002611753121256023,0.0002220827127444325,1.3615134495882159e-06,0.0004502669839696739
0.0003756778,0.024336739,,0.17817308,,0.00076430064,0.7910369,1.1629229e-06,0.0052988054,1.3257565e-05,,0.4505088,0.3322167,0.20574652,0.004936648,0.0017084812,0.0002632275,,0.0026053588,0.0020142973,1.5424445e-06,0.9894163,0.00071235903,0.0053723855,2.7214313e-07,0.00018503089,7.2419307e-06,6.930474e-06,8.702123e-05,0.0042108214,ddos,0.0003953559457382577,0.9936927858313614,0.0003035869373076051,0.0005260032149908911,0.0003255262783723402,3.36879805931239e-05,0.003708078409620712,0.00017589890625697047,1.6622004188304438e-06,0.0008374142953397103
0.0003488748,0.026120866,,0.17110027,,0.0010389586,0.79569936,1.3774027e-06,0.005680503,9.714025e-06,,0.35967338,0.36170018,0.26558197,0.006065179,0.0018146314,0.00020078092,,0.0029184858,0.0020453443,1.7663194e-06,0.99276114,0.00037319952,0.0028037413,2.5379015e-07,0.0002545507,3.6526426e-06,8.019197e-06,5.894499e-05,0.003734749,ddos,0.00030028728740900734,0.9920724579299398,0.0004702649892435213,0.0007411324215640667,0.0002591634837542085,2.91644282832742e-05,0.00473712636307097,0.0001427747522224841,1.5950408009553252e-06,0.0012460333037118067
0.00027000188,0.018739082,,0.102180585,,0.0013258449,0.87168115,7.345787e-07,0.005789699,1.2978457e-05,,0.2416475,0.39035195,0.35166594,0.008755789,0.002023798,0.00016385678,,0.003462415,0.0019287405,2.859817e-06,0.9966974,8.153378e-05,0.0010835873,3.301823e-07,0.00023804254,2.3988068e-06,4.6530786e-06,3.3995817e-05,0.0018553567,ddos,0.00017466575810563633,0.9883910687906122,0.0007418072795290244,0.0008120966592486386,0.00019644585945091732,1.6785709713427675e-05,0.007459395946781726,0.00010589589051786504,1.0464478856113878e-06,0.002100791658154882
0.0002591865,0.01689507,,0.13042639,,0.0021846269,0.84448385,7.283328e-07,0.005738019,1.2082392e-05,,0.19859329,0.4155057,0.36742002,0.010625135,0.0020179513,0.00017353731,,0.003642455,0.0020218752,3.943615e-06,0.99854004,8.709847e-06,0.00038233728,9.830383e-07,9.0205496e-05,1.7456614e-06,4.7573203e-06,1.8662218e-05,0.00094864727,ddos,0.00016933233814117856,0.9866680554029134,0.0009794368997825386,0.0011762196302492322,0.00019090830158696647,1.9014482291644594e-05,0.00820282625268704,9.607848095574494e-05,1.1713666195003077e-06,0.0024969568447728557
0.00025916423,0.016447274,,0.18647699,,0.0038980772,0.78711003,6.397669e-07,0.00579227,1.5465834e-05,,0.14789782,0.4472576,0.3828826,0.013245876,0.0021129549,0.00017763914,,0.0042134007,0.0022121682,4.167266e-06,0.99951196,6.70939e-06,0.00023703939,2.6963871e-06,4.1814335e-05,1.2536641e-06,1.8237971e-06,8.5829715e-06,0.00018398974,ddos,0.0001755488848254702,0.9840485961069242,0.001420306820453395,0.0021119788290792155,0.0001866202878949916,2.5470674837830848e-05,0.008854926285211088,8.837870674089023e-05,1.5553306479951185e-06,0.0030866180733847837
0.00025657983,0.014836514,,0.25273073,,0.007035214,0.71923065,7.915951e-07,0.0058969785,1.2408565e-05,,0.09997217,0.47419998,0.3984961,0.016725933,0.0024296977,0.00018158605,,0.0054264218,0.0025681758,3.962561e-06,0.99966395,8.132896e-06,0.00016933294,3.9226006e-06,3.3174638e-05,1.4323676e-06,1.777519e-06,8.448603e-06,0.00010589865,ddos,0.00019117689442289424,0.9802221407416882,0.0020824878801149194,0.003992576429668613,0.00018329872449932583,3.654945363060364e-05,0.009331476864568233,8.60871365875378e-05,2.278442265318989e-06,0.0038719274325542874
0.00023372541,0.009825013,,0.36129552,,0.015701702,0.6061998,7.890841e-07,0.006727916,1.5544076e-05,,0.065409854,0.49460906,0.40410018,0.021508116,0.0033243247,0.00019432564,,0.0077548004,0.0030993698,6.705304e-06,0.9997781,8.248939e-06,0.00010689514,8.50326e-06,2.5196081e-05,1.7368342e-06,2.7666003e-06,9.718301e-06,5.2188774e-05,ddos,0.0002499465974122518,0.9734907570332044,0.00317763592853464,0.009206746717001727,0.00018982129090579548,6.936258395857088e-05,0.008783720481088586,9.533386481985127e-05,4.517057544909778e-06,0.004732158445529185
0.00019745271,0.008380995,,0.43922675,,0.042621534,0.5017163,7.993879e-07,0.007834317,2.1841404e-05,,0.045441337,0.48753074,0.4193019,0.02650383,0.005295193,0.00022537741,,0.011573348,0.0041282466,4.3016776e-06,0.9996948,1.2362377e-05,0.00012778853,1.2342385e-05,5.973778e-05,2.2921265e-06,2.2540178e-06,1.0873269e-05,7.3257754e-05,ddos,0.0003145183983180952,0.9649113597875055,0.0046494855396977475,0.016427607891139905,0.00019713632791082964,0.00011949852850384672,0.007619478498016396,0.00011139629545661199,9.113856062547971e-06,0.005640404877388666
0.0001670495,0.010485563,,0.487253,,0.13568297,0.35524744,1.1189329e-06,0.01113918,2.3756824e-05,,0.035529915,0.50585043,0.3886836,0.034736697,0.0114918435,0.0003030817,,0.01827831,0.005126146,4.3458163e-06,0.9994779,3.7680617e-05,0.00020356975,1.9364863e-05,0.00013981367,4.027373e-06,1.5438122e-06,1.1583221e-05,0.000100194855,ddos,0.00040675832089922425,0.9492393630694043,0.010041610603802624,0.02758158158074633,0.00039027124513163036,0.00026338776930402756,0.0062886880328204536,9.242913663329328e-05,1.8294321983135265e-05,0.005677615919275043
9.357568e-05,0.008618301,,0.32058674,,0.5095167,0.15209255,1.14549e-06,0.009068112,2.2927596e-05,,0.033985633,0.49671558,0.36197826,0.043376673,0.028953984,0.00048260426,,0.027885001,0.0066223647,4.0019227e-06,0.99917454,6.868325e-05,0.00016234638,3.0507847e-05,0.00041934848,5.606532e-06,2.9813625e-06,1.5338452e-05,0.00011656905,ddos,0.0003470635673967313,0.8751837841860043,0.09136950469893494,0.019688065030245495,0.0037613682816498096,0.000603489773232859,0.0039478361686985436,3.5723635154138794e-05,3.57175087875796e-05,0.0050274471498953765
4.49995e-05,0.005226465,,0.10288257,,0.8504394,0.03662777,5.405861e-07,0.004762664,1.5631542e-05,,0.038454466,0.45749494,0.32265285,0.051038314,0.08090552,0.00089632155,,0.040036824,0.0085208,3.0240935e-06,0.99742115,0.00016465267,0.00050284684,2.1348244e-05,0.0012712663,7.915969e-06,3.9483616e-06,1.4899512e-05,0.0005889635,ddos,0.00022248991781344453,0.606342153921934,0.36129846251743664,0.005881543659297559,0.020079167934605645,0.0007932742049530427,0.0021082548435871046,1.1299059847972364e-05,3.232899684570221e-05,0.0032310249436790315
1.7878736e-05,0.0019497558,,0.020131122,,0.9699458,0.006381079,2.4571472e-07,0.0015675955,6.4357187e-06,,0.047016423,0.36955053,0.22762522,0.053559627,0.2409581,0.001846015,,0.050281677,0.009162463,9.69345e-06,0.98280555,0.0005611992,0.0016623273,0.00018714031,0.009542289,2.403173e-05,1.0811062e-05,4.985353e-05,0.0051471097,ddos,0.00045267276488191203,0.6294845406499339,0.32919318869372316,0.002278758631638188,0.030977559860831567,0.0022906586269349225,0.002039358355456362,1.2371427221730808e-05,3.2389814945071195e-05,0.003238501174433338
7.929597e-06,0.0005345854,,0.0029872726,,0.9951101,0.00096047146,6.7992254e-08,0.00039524742,4.317769e-06,,0.049086936,0.21471131,0.12878768,0.03975805,0.51105607,0.0032258206,,0.045327615,0.008046538,6.515886e-06,0.2524525,6.655535e-05,0.0005158221,3.3301916e-05,0.7452197,3.4532743e-05,2.806599e-06,6.415115e-05,0.0016041697,normal,0.00065627105377783,0.1313388018392291,0.0387660766583266,0.009696400529863338,0.0022540943565567805,0.7878831918752962,0.018935401539941436,6.935870515170997e-05,0.0013009823482000526,0.009099421093656994
3.728974e-06,0.00017216236,,0.00056245713,,0.99893314,0.00021939556,2.2736943e-08,0.00010704004,2.0825507e-06,,0.03885649,0.08563005,0.04408533,0.02015422,0.77560097,0.0044465703,,0.02679533,0.00443099,2.2423183e-06,0.053699855,1.40138745e-05,0.00013752097,3.614417e-05,0.945911,1.7283153e-05,3.0177168e-06,1.008477e-05,0.000169006,normal,0.00015997827185041478,0.00935958582799731,0.000938918743002803,0.0006232597278645846,5.305649607165543e-05,0.9841649860509901,0.0031444399276598003,1.6568903540942902e-05,0.0002618184735068254,0.0012773875775156855
1.6682403e-06,4.808135e-05,,0.00014965424,,0.9996952,7.044635e-05,7.471563e-09,3.3975983e-05,9.4476525e-07,,0.026213657,0.027722776,0.011277623,0.008055092,0.90715134,0.0054848776,,0.012266389,0.0018282288,2.2597758e-06,0.009480302,4.871095e-06,7.556262e-05,3.4283694e-05,0.9902925,1.06369935e-05,1.4132986e-06,5.827469e-06,9.2457994e-05,normal,0.00010409620704250073,0.00368963581638571,0.00021445998260307485,0.00017373965621505046,1.1657537226266887e-05,0.993692111907584,0.0013991237133643803,9.454076054116456e-06,0.00010944280403977538,0.000596278299485348
9.53218e-07,2.471423e-05,,5.480206e-05,,0.99987805,2.7745147e-05,2.802258e-09,1.2846297e-05,8.973975e-07,,0.018552674,0.0112491455,0.004666823,0.0038226887,0.9471484,0.006331836,,0.0071119433,0.0011165494,1.7912954e-06,0.0019962117,2.0676398e-06,3.677019e-05,1.8195935e-05,0.997849,8.022487e-06,1.0191203e-06,4.2323945e-06,8.2728766e-05,normal,9.41425688741262e-05,0.002930174158781015,0.00014605620713507617,0.00012151748671832784,7.638721715629393e-06,0.9949864605820757,0.001125242085651861,8.146234552852775e-06,8.42909752006928e-05,0.0004963309792945876
6.7613456e-07,1.720468e-05,,3.2673575e-05,,0.9999268,1.5405654e-05,1.2221291e-09,6.3001735e-06,9.4476246e-07,,0.013848571,0.0050865123,0.0021311739,0.0019593416,0.96434593,0.0074208286,,0.004475872,0.0007317829,1.6833253e-06,0.0008483736,1.2459955e-06,2.4883047e-05,1.9094114e-05,0.99903667,5.674158e-06,9.92502e-07,3.5956243e-06,5.7862548e-05,normal,9.079139339046713e-05,0.002695974039510557,0.0001262511734855664,0.00010495680374965871,6.4689185887698734e-06,0.9953935623961052,0.001035511865894336,7.643030092239831e-06,7.495000659398906e-05,0.0004638903725891107
5.830179e-07,1.3225056e-05,,2.5153055e-05,,0.9999449,1.1075936e-05,5.3506105e-10,4.095416e-06,9.1402785e-07,,0.011005037,0.0025300824,0.0009812054,0.0010568522,0.9718184,0.009224172,,0.0029110876,0.00047312284,1.272312e-06,0.00044793112,1.2945931e-06,1.1105545e-05,4.4050892e-05,0.99944955,5.063131e-06,1.7156492e-06,3.5956014e-06,3.44111e-05,normal,8.859932518964574e-05,0.0025909786832568386,0.00011813331724725501,9.788977128533014e-05,5.991871705099158e-06,0.9955710705189447,0.0010004873876600677,7.366900786551679e-06,7.071332002928031e-05,0.00044876890389525465
3.439219e-07,5.696615e-06,,1.417312e-05,,0.99996877,8.070458e-06,2.5515687e-10,2.467374e-06,4.7798346e-07,,0.009852517,0.0015534093,0.00062018185,0.00067246397,0.97385955,0.010876929,,0.0021653322,0.0003996568,1.4869225e-06,0.00048549654,3.7047976e-06,1.04669925e-05,0.00011249331,0.9993186,7.298954e-06,2.1298877e-06,4.9435635e-06,5.3369e-05,normal,8.748454006448748e-05,0.002556249516485358,0.00011555517609084739,9.53721109116579e-05,5.8494353491170325e-06,0.9956282908958268,0.0009914244183465099,7.252178912907032e-06,6.927388960209984e-05,0.00044324783841013973
2.3259123e-07,2.8104453e-06,,8.24563e-06,,0.9999815,5.439608e-06,1.4783713e-10,1.4027729e-06,2.002944e-07,,0.009285838,0.001093107,0.00046449565,0.0004771262,0.9741003,0.01247854,,0.0017404448,0.00036018656,1.4001021e-06,0.00024147912,2.7461701e-06,9.379169e-06,6.19731e-05,0.9995883,7.2286975e-06,1.3868647e-06,3.9888805e-06,8.219504e-05,normal,8.641729076043021e-05,0.00253362375334065,0.0001142153214604276,9.41273954383324e-05,5.779586885903159e-06,0.9956613038150408,0.0009891338459658327,7.171644244939194e-06,6.86790026873029e-05,0.00043954834417515875
1.9445916e-07,1.7046578e-06,,5.4395077e-06,,0.99998796,3.771752e-06,8.8734964e-11,8.104892e-07,1.2213964e-07,,0.008019171,0.0008326023,0.00038177887,0.0003647034,0.975067,0.013463856,,0.0015428079,0.0003280298,1.1075517e-06,0.00011249385,1.8300365e-06,7.1772743e-06,3.0750853e-05,0.9997552,4.8943502e-06,8.195895e-07,3.813556e-06,8.184845e-05,normal,8.558803924303122e-05,0.002511224883675238,0.00011305790878147435,9.306789166111385e-05,5.6969736120262e-06,0.9956922715641081,0.0009868497679102136,7.0891054829716415e-06,6.796128488800732e-05,0.0004371925806380003
1.7908987e-07,1.0474764e-06,,3.6021381e-06,,0.9999907,3.6949036e-06,7.136032e-11,6.66647e-07,9.015301e-08,,0.0071931337,0.0007026063,0.00032707507,0.00029923295,0.9750788,0.014668241,,0.0014224211,0.00030835412,1.4407765e-06,0.00014310975,4.296108e-06,5.832347e-06,8.538207e-05,0.9996667,6.1382525e-06,1.8232569e-06,5.4233888e-06,7.984104e-05,normal,8.492905529499547e-05,0.0025003161001133263,0.00011262723253640852,9.251124723515654e-05,5.669748440817735e-06,0.9957050629360478,0.0009884590942710872,7.031572929558928e-06,6.76364818976624e-05,0.0004357565312332763
2.2121763e-07,5.545321e-07,,1.6501598e-06,,0.999995,2.0411433e-06,5.5400667e-11,3.5898407e-07,6.358903e-08,,0.006479266,0.00053708523,0.0002552487,0.00020148669,0.9726968,0.017724557,,0.0015785375,0.00052699196,1.6284375e-06,7.49461e-05,3.8079545e-06,5.365679e-06,6.975127e-05,0.99972624,7.5849407e-06,1.270221e-06,5.4118586e-06,0.000103985796,normal,8.349466813131832e-05,0.002490258653865242,0.0001127791560323709,9.230516807662725e-05,5.698364768307547e-06,0.9957075904860136,0.000999152842265892,6.941306709835106e-06,6.793132796743226e-05,0.0004338480261693156
2.2079415e-07,3.8085102e-07,,5.1489104e-07,,0.99999666,1.1232084e-06,1.01768226e-10,3.7030057e-07,7.175418e-07,,0.0061960896,0.0006032133,0.00029475836,0.00019362457,0.9723289,0.017374182,,0.002240851,0.0007682608,1.619303e-06,0.00012410314,5.8812084e-06,7.870467e-06,4.099835e-05,0.9997049,7.960819e-06,9.998782e-07,3.2044104e-06,0.00010245399,normal,8.368431679390737e-05,0.002493246976280695,0.00011331808246285404,9.28212104244035e-05,5.719391829933924e-06,0.9956982728221757,0.001002245608150837,6.946527308352673e-06,6.831122629268337e-05,0.00043543383828068807
4.857664e-07,5.72951e-07,,1.2582003e-06,,0.99999285,2.868479e-06,2.204843e-10,9.689859e-07,9.397996e-07,,0.0061120237,0.00072053,0.00038586208,0.00019566328,0.9707074,0.017305207,,0.0033503424,0.0012229873,2.529272e-06,0.00028903488,9.760633e-06,1.2406512e-05,2.3165181e-05,0.9991266,9.307071e-06,1.8763142e-06,5.8693536e-06,0.00051944895,normal,8.413919047653319e-05,0.002505533556191826,0.00011504464106837149,9.41116992541437e-05,5.821944516571647e-06,0.9956676505047073,0.0010114634906404822,6.982855955598328e-06,6.941118045158589e-05,0.0004398409367376154
6.7455744e-07,1.0603314e-06,,3.3940253e-06,,0.99998426,5.047678e-06,4.070698e-10,1.3238847e-06,4.158435e-06,,0.006125641,0.00092494156,0.0005583497,0.00021404437,0.96722513,0.017583469,,0.005292965,0.002075455,7.4742775e-06,0.00083205715,5.4061085e-05,4.9594575e-05,5.4599837e-05,0.9940181,2.2193719e-05,8.794966e-06,1.823211e-05,0.0049348613,normal,8.67757989396187e-05,0.0025364943057938887,0.00012194323410028635,9.788685661499764e-05,6.2870355429384215e-06,0.9955740273455761,0.0010353859734834614,7.211852155335352e-06,7.276300201689831e-05,0.00046122459577646146
1.4059684e-06,1.7748138e-06,,7.62386e-06,,0.9999356,7.77792e-06,1.239018e-09,1.7982265e-06,4.3995547e-05,,0.0062585087,0.0012653514,0.00086858356,0.00025311403,0.96084005,0.018194057,,0.00862313,0.0036972389,2.1265587e-05,0.00059155776,9.80466e-05,0.00010403566,9.077606e-05,0.98936206,5.271481e-05,1.0101198e-05,4.1515825e-05,0.009627923,normal,8.922663184264551e-05,0.0025671689565861995,0.00013096873777956752,0.00010356895009792549,6.9091358740442794e-06,0.9954567940809801,0.001072472605822953,7.456350101653496e-06,7.801355210695002e-05,0.00048742099880782287
2.3697528e-06,2.835144e-06,,2.3884724e-05,,0.9998393,1.754917e-05,5.0787428e-09,4.5162506e-06,0.000109549765,,0.007554535,0.0018718643,0.0014655214,0.0003281764,0.94427055,0.02001925,,0.014258426,0.010231643,2.8521024e-05,0.00041642826,0.00020381296,0.00011861466,0.00015463617,0.9872639,7.8684825e-05,1.6820311e-05,6.194847e-05,0.011656527,normal,8.995260081793175e-05,0.002666821476855855,0.00014621790190344507,0.00011460634822873232,8.04792377586593e-06,0.9951943489536333,0.0011564381128026987,7.626171838040275e-06,8.834596044994067e-05,0.0005275945496942137
4.1121725e-06,3.871076e-06,,6.3152795e-05,,0.99966514,3.0161385e-05,1.304667e-08,5.5507003e-06,0.00022799197,,0.009186669,0.0026607502,0.002348694,0.00040284623,0.91628826,0.022247147,,0.02139717,0.025468498,6.3262814e-05,0.00043447406,0.0008681459,0.000116455274,9.569816e-05,0.92785615,0.00011465964,3.6674974e-05,0.00019321496,0.07022141,normal,0.00012298183530769623,0.002872222137681513,0.0002666752161944817,0.00016358843047617878,1.892448294217679e-05,0.9940693489822578,0.001392110446763448,1.0808948252702455e-05,0.00013757104522577808,0.0009457684748981686
1.0634142e-05,5.256727e-06,,0.00018401447,,0.99932027,5.2693224e-05,5.4881212e-08,5.930188e-06,0.00042109337,,0.011315647,0.003629003,0.0036629564,0.00046851937,0.86781144,0.023809379,,0.029489655,0.059813373,0.00015297058,0.0003282326,0.000934916,0.00011167354,0.00013475887,0.9006701,0.00013613596,0.00011630652,0.00030538073,0.09710951,normal,0.000136696787647923,0.0032813903168272193,0.0004356478454969376,0.00023405845724608565,3.940943941699864e-05,0.9923265715408626,0.001764054391305064,1.2531507078923438e-05,0.00021115909735549502,0.0015584806167627731
5.6361292e-05,9.035229e-06,,0.0007747779,,0.995274,0.00016167329,1.1078231e-07,1.2124282e-05,0.003711966,,0.012860688,0.004978542,0.0065024244,0.0006341732,0.7754276,0.023751695,,0.036536425,0.13930857,0.0013129626,0.00039969964,0.0028530222,0.00025526405,0.00025514577,0.5361127,0.00041269904,0.00029721326,0.0012611541,0.45684013,normal,0.000869419544442872,0.004147814261097675,0.010363766653162182,0.0012433686645146019,0.004005745587935835,0.9291481123770656,0.003640971942964204,9.26339438094675e-05,0.0016879667708761216,0.04480020025413165
0.00040187006,3.8529837e-05,,0.015600136,,0.93870294,0.0008889202,9.98557e-07,3.8697504e-05,0.044327892,,0.014190858,0.006070604,0.009086522,0.00067330274,0.66153073,0.02146715,,0.042155895,0.24482483,0.0020432007,8.995868e-05,0.002116254,0.00024487844,7.0429676e-05,0.033831324,0.0004406822,0.00011244385,0.0009564529,0.96009433,xss,0.001531934787282322,0.0007024197152850315,0.07573867189784646,0.0014460963550212797,0.1957952136154176,0.11020415602165114,0.0011603871911996446,0.0002129196374239378,0.003279652385669848,0.6099285483932029
0.0015430703,0.0001285795,,0.2538757,,0.32529438,0.0026926126,2.7094267e-05,0.00011080218,0.41632774,,0.014949586,0.0067309635,0.012078884,0.0006441397,0.5015874,0.016974367,,0.043663166,0.4033714,0.0009068643,1.3459103e-05,0.0008343584,0.00010038321,1.0988427e-05,9.2515016e-05,0.00016620797,4.3679665e-05,0.0001561579,0.9976755,xss,0.0009037095887563165,0.00023098265128757554,0.0036120454135889135,0.0010287879961886756,0.00619220127364078,0.02749277319308745,0.000490980667744101,0.00026927913622081917,0.0015037440178319531,0.9582754960616535
0.0011608126,7.047696e-05,,0.48113036,,0.038208663,0.0024565954,7.158668e-05,7.409529e-05,0.47682744,,0.014840121,0.00662809,0.014316847,0.0005612992,0.33570772,0.011910562,,0.03872972,0.5773057,0.00055763096,9.834482e-06,0.00034079887,0.00010667031,1.8848991e-06,3.0021507e-05,0.00013920115,2.3664885e-05,0.000120111916,0.9986701,xss,0.0002658748820422163,8.361316766900645e-05,0.0005197829645311536,0.0011326771231524525,0.00130009226732202,0.007439264435756842,0.00022320999761259844,0.000124009206351768,0.0010820616759646096,0.9878294142795973
0.0008957786,4.73087e-05,,0.6041171,,0.0043360065,0.0018251553,0.00012644753,4.588356e-05,0.38860634,,0.01427036,0.006013551,0.01538514,0.00046477723,0.20949455,0.007936896,,0.030451344,0.71598345,0.00029601922,9.21715e-06,0.00014558401,0.00011697046,6.5294444e-07,2.7584145e-05,0.00013204855,2.861426e-05,6.725349e-05,0.9991761,xss,8.121383053324614e-05,4.31277724195697e-05,0.00028698864809476336,0.0013758005125523735,0.0014705511748185187,0.0029324764654287887,0.00013509236577235412,4.432545425794888e-05,0.0010682706108204117,0.9925621531653019
0.0010227277,4.9479364e-05,,0.7124316,,0.00082321186,0.001513006,0.00026032017,3.2800413e-05,0.2838669,,0.0139423795,0.005381247,0.015881287,0.00039058394,0.13199803,0.0055068634,,0.022792317,0.8041073,0.00010728491,1.0340299e-05,5.5615594e-05,0.00014296314,2.405308e-07,2.487786e-05,0.000106422194,3.922989e-05,2.9944395e-05,0.999483,xss,3.903482613892367e-05,2.9315823056920066e-05,0.0002036262574020835,0.0019208230660452148,0.0018227559573600802,0.0017417004475675983,0.00010152447796440663,2.3428549915441766e-05,0.0012201391363876146,0.9928976514581618
0.0013185483,5.3044514e-05,,0.83878815,,0.00021794197,0.0014162185,0.0004786511,2.6273969e-05,0.15770113,,0.012711641,0.005289942,0.019918963,0.00038838145,0.09007818,0.0046017445,,0.018417241,0.848594,4.0566374e-05,1.847604e-05,3.2445943e-05,0.00020912358,1.4261634e-07,2.3886116e-05,7.351283e-05,4.2246244e-05,1.2876256e-05,0.9995467,xss,2.844807541505364e-05,2.4907273038371654e-05,0.00015865286513673562,0.0035102849295330194,0.0020925349272509124,0.0014602677578712082,9.233843833593162e-05,1.8748906439151352e-05,0.0017134586115461728,0.9909003582154333
0.0021083308,5.8608388e-05,,0.93834394,,7.63878e-05,0.0013889717,0.00062142534,2.1785327e-05,0.05738052,,0.013401996,0.005565865,0.02217698,0.0003891218,0.06695578,0.0040405714,,0.014945832,0.87252384,2.7535472e-05,2.4397032e-05,9.5074654e-05,0.00019256464,1.399177e-07,1.4468347e-05,3.4347922e-05,3.7606176e-05,1.1678974e-05,0.9995622,xss,2.4930676757139102e-05,2.3344421239296156e-05,0.00013394406634686468,0.0058725848475733545,0.0023145455699078686,0.0013939990687750709,8.978715291140484e-05,1.7518460795764054e-05,0.0023188213586849875,0.9878105243770081
0.0045401435,6.8796384e-05,,0.9742234,,3.801744e-05,0.0015918849,0.0007147426,2.2126833e-05,0.018800875,,0.0136049995,0.0058978754,0.024191951,0.00039202615,0.049917735,0.0037630973,,0.012085019,0.8901473,3.2962478e-05,1.7007436e-05,0.00011530036,0.00019563915,3.9193182e-07,1.688305e-05,2.2449069e-05,6.35583e-05,1.0352993e-05,0.9995254,xss,2.1669491516509312e-05,2.181550573325674e-05,0.0001239144046174149,0.006909896072541569,0.002464118364498924,0.0012639376001480035,8.559314760196763e-05,1.5708002658597666e-05,0.00252823412837637,0.9865651132823073
0.0046493635,0.00012466291,,0.92284495,,2.8641749e-05,0.0028688088,0.00089405704,3.2001855e-05,0.06855748,,0.013529609,0.0070614675,0.028846802,0.00042560705,0.036593143,0.0034036213,,0.010637189,0.8995026,2.3546896e-05,1.0158765e-05,4.4555738e-05,0.00021707616,2.0042181e-07,1.0973511e-05,1.7511804e-05,0.00010891515,9.078881e-06,0.99955803,xss,1.7993249584388647e-05,2.011900280472968e-05,0.0001311700255712697,0.005027645881762815,0.002449730598354037,0.001037118803571422,7.866749305587171e-05,1.3255182705184179e-05,0.002034256621438214,0.9891900431411521
0.003377305,0.0001644137,,0.740305,,4.3385106e-05,0.005472633,0.0011948502,4.8694823e-05,0.24939364,,0.013359968,0.008171232,0.032177184,0.00044839637,0.028547367,0.0034693114,,0.009270685,0.9045559,1.5305268e-05,1.5027641e-05,2.8861341e-05,0.00022720067,2.0244552e-07,9.502296e-06,1.3415958e-05,9.423859e-05,6.056223e-06,0.9995901,xss,1.3409232113091736e-05,1.764651579883346e-05,0.00016327659225535228,0.001689637578820549,0.0022584570892141007,0.0007188143893631042,6.673233137807323e-05,9.523274263368642e-06,0.0010000979848969781,0.9940624050118965
0.002752358,6.518423e-05,,0.44389594,,6.367606e-05,0.0043688663,0.001203557,4.9200917e-05,0.5476012,,0.013130598,0.00926121,0.03578561,0.00046902223,0.023803536,0.003654819,,0.008334766,0.9055604,1.0554328e-05,1.7781738e-05,2.2447935e-05,0.00019174906,1.986494e-07,1.1015451e-05,1.2501438e-05,0.00011290205,4.7781923e-06,0.999616,xss,9.11221255427341e-06,1.465916168975541e-05,0.00023694710553176786,0.0002912137930115079,0.0019317573020316222,0.0004308908298760743,5.17150604181804e-05,5.933411643697687e-06,0.00032612938128070095,0.9967016417419623
0.0012447248,1.8122717e-05,,0.10295967,,3.4693177e-05,0.0021336495,0.00066741894,3.4529097e-05,0.8929072,,0.012960565,0.010413115,0.040647924,0.00049636053,0.021143153,0.0037461456,,0.0076338653,0.902959,4.6786427e-06,3.139183e-05,2.1509424e-05,0.00017159336,1.6964414e-07,1.4250009e-05,1.2948983e-05,0.00026444544,2.9660155e-06,0.999476,xss,6.0282385600267165e-06,1.2002490289192464e-05,0.00036652274362289724,3.879800080026819e-05,0.0015810375030450253,0.0002454482586944693,3.882184629709389e-05,3.55356105445114e-06,9.060574921449977e-05,0.997617181608422
0.0009423535,1.1971892e-05,,0.051106043,,2.474495e-05,0.0015408231,0.0005501933,3.148058e-05,0.9457925,,0.01382214,0.01270947,0.047177877,0.00056344416,0.021882294,0.004151804,,0.009138635,0.8905545,3.2413282e-06,4.452713e-05,2.2824452e-05,0.00019387148,1.8473722e-07,1.4462639e-05,1.1362114e-05,0.0002676031,2.5423483e-06,0.9994394,xss,6.100612101259645e-06,1.2299066839864329e-05,0.000416725643560042,3.0821978136561054e-05,0.0015116209370448215,0.00023517289642466905,3.886641597105133e-05,3.6470695324500076e-06,7.917117494439806e-05,0.9976655742054448
0.0008719556,9.346087e-06,,0.040678263,,2.7590866e-05,0.001385735,0.0005547119,3.5359324e-05,0.95643705,,0.0126498025,0.012212319,0.04725369,0.0005166085,0.021721607,0.0041556763,,0.009351553,0.8921387,2.278911e-06,5.8233534e-05,2.6861162e-05,0.00021645275,2.1518603e-07,1.4335178e-05,1.0158061e-05,0.0002433542,2.2485362e-06,0.9994259,xss,5.928610537762324e-06,1.206872327659223e-05,0.0004182161968574919,2.864292993095836e-05,0.0014909136874756452,0.00022883754862899566,3.8222063880184014e-05,3.5233411690165027e-06,7.545623174466064e-05,0.9976981906664987
0.00037789575,4.032354e-06,,0.014045706,,3.1072566e-05,0.0007831346,0.0002606768,2.2103879e-05,0.9844753,,0.011656292,0.01072358,0.04334175,0.0004314373,0.02120164,0.0039941384,,0.008801808,0.89984936,1.7742403e-06,6.76251e-05,3.246743e-05,0.0002382818,2.581806e-07,1.4903795e-05,9.6014655e-06,0.00021483815,2.0706188e-06,0.99941814,xss,5.4813793512812275e-06,1.1439738095706955e-05,0.0004151417064255775,2.3193912101446562e-05,0.001474911073652026,0.000214271959301145,3.6291617475860856e-05,3.1533266982456447e-06,6.562625151762557e-05,0.997750489035381
0.0006912726,1.2161739e-05,,0.070333205,,4.0529158e-05,0.001416238,0.0005462589,4.5039505e-05,0.9269152,,0.010643931,0.008647279,0.03642654,0.00033454402,0.020002356,0.0036828963,,0.00761289,0.9126495,1.5190062e-06,8.059785e-05,4.154987e-05,0.0002649899,3.0382213e-07,1.7088789e-05,1.0033841e-05,0.00019312174,1.8542869e-06,0.99938893,xss,5.432771668723617e-06,1.1190391275288245e-05,0.00036367583276230425,3.004813537967837e-05,0.0015545129593424487,0.00022512038931249333,3.647704217941424e-05,3.08172572557289e-06,7.645425787356474e-05,0.9976940064944806
0.0015268212,3.8587226e-05,,0.33188698,,5.603823e-05,0.0026517783,0.0010296671,8.458219e-05,0.66272557,,0.009459316,0.0064905398,0.028655937,0.00024809036,0.018289505,0.0032857594,,0.00624371,0.9273273,1.2666655e-06,0.00011877408,6.788848e-05,0.00026017692,3.692688e-07,2.7941498e-05,1.2455283e-05,0.0002285033,1.6240003e-06,0.999281,xss,6.777976072589309e-06,1.2265486657089954e-05,0.0002468519878809851,0.00013126173133744243,0.0018347568558326006,0.00032658028412138184,4.317641830279814e-05,4.071449123990892e-06,0.0001920869818629817,0.997202170828808
0.0052056746,8.8573346e-05,,0.59241754,,0.0001307477,0.0067721275,0.002501869,0.00012671317,0.3927568,,0.009400638,0.0054451283,0.02361531,0.00020239332,0.016959354,0.0030341228,,0.005437116,0.935906,1.2698663e-06,0.00017508266,8.903816e-05,0.00022734088,4.0617985e-07,3.637367e-05,1.2312091e-05,0.0002898553,1.5918334e-06,0.99916685,xss,8.812577328181541e-06,1.3959148289609565e-05,0.0001726404397907466,0.0006017720544183436,0.0022073222247316654,0.00047794903123027545,5.297719489848556e-05,5.70635408380381e-06,0.0005004108399499395,0.9959584501352788
0.010831757,0.00011965971,,0.7122179,,0.0001854804,0.014258582,0.003099913,0.0001960151,0.2590906,,0.009260865,0.0044019585,0.018508479,0.00016092234,0.015423525,0.002700408,,0.0045715813,0.9449722,1.6758399e-06,0.00026374598,6.7340996e-05,0.00018742692,3.4110064e-07,4.99852e-05,1.1747454e-05,0.0005394586,1.7186077e-06,0.9988765,xss,9.67228002148802e-06,1.4664247174100608e-05,0.00014175410221958144,0.0011957989258221731,0.002499378807894229,0.0005481218681841724,5.85606073359032e-05,6.388888931584659e-06,0.0007626924808351682,0.9947629677915815
0.013245783,0.00021792765,,0.28715315,,0.00019264442,0.019493638,0.0012839773,0.00021082142,0.678202,,0.009493872,0.0033405614,0.013676932,0.0001260181,0.014651008,0.002364545,,0.0038614844,0.95248556,1.6367984e-06,0.00025956155,6.6809276e-05,0.0001880266,3.4063663e-07,4.8951857e-05,1.1588088e-05,0.00052529125,1.7223726e-06,0.9988961,xss,5.6524018923687075e-06,1.1193484641363825e-05,0.00022589798345311126,9.148040195565955e-05,0.002083487092113522,0.00026551145974764204,4.12878406140763e-05,3.0953945357310354e-06,0.00014737892209009968,0.9971250150189565
0.07777449,0.0005111145,,0.40841502,,0.00046966018,0.071429625,0.004192906,0.0004661973,0.43674108,,0.009896952,0.0026892286,0.011716745,0.000100094,0.013897474,0.0021207763,,0.003149607,0.9564292,1.6030613e-06,0.0002555804,6.6459084e-05,0.00018849398,3.4034517e-07,4.8064976e-05,1.1447724e-05,0.0005127219,1.7259543e-06,0.9989135,xss,6.962151005005521e-06,1.3583582888039007e-05,0.00018016732446699124,0.0002382232343328742,0.003352204815981825,0.00025729994944092026,5.786018120366939e-05,3.715304129120703e-06,0.0002702453780173493,0.9956197380785343
