src_port,dst_port,duration,src_bytes,dst_bytes,missed_bytes,src_pkts,src_ip_bytes,dst_pkts,dst_ip_bytes,dns_query,dns_qclass,dns_qtype,dns_rcode,http_uri,http_request_body_len,http_response_body_len,http_status_code,http_user_agent,src_ip.part1,src_ip.part2,src_ip.part3,src_ip.part4,src_ip.part5,src_ip.part6,dst_ip.part1,dst_ip.part2,dst_ip.part3,dst_ip.part4,dst_ip.part5,dst_ip.part6,proto.icmp,proto.tcp,proto.udp,service.-,service.dce_rpc,service.dns,service.ftp,service.gssapi,service.http,service.smb,service.smb;gssapi,service.ssl,conn_state.OTH,conn_state.REJ,conn_state.RSTO,conn_state.RSTOS0,conn_state.RSTR,conn_state.RSTRH,conn_state.S0,conn_state.S1,conn_state.S2,conn_state.S3,conn_state.SF,conn_state.SH,conn_state.SHR,dns_AA.-,dns_AA.F,dns_AA.T,dns_RD.-,dns_RD.F,dns_RD.T,dns_RA.-,dns_RA.F,dns_RA.T,dns_rejected.-,dns_rejected.F,dns_rejected.T,ssl_version.-,ssl_version.TLSv10,ssl_version.TLSv12,ssl_version.TLSv13,ssl_cipher.-,ssl_cipher.TLS_AES_128_GCM_SHA256,ssl_cipher.TLS_ECDHE_ECDSA_WITH_AES_128_GCM_SHA256,ssl_cipher.TLS_ECDHE_RSA_WITH_AES_128_GCM_SHA256,ssl_cipher.TLS_ECDHE_RSA_WITH_AES_256_CBC_SHA,ssl_cipher.TLS_ECDHE_RSA_WITH_AES_256_GCM_SHA384,ssl_resumed.-,ssl_resumed.F,ssl_resumed.T,ssl_established.-,ssl_established.F,ssl_established.T,ssl_subject.-,ssl_subject.CN=*.events.data.microsoft.com;OU=Microsoft;O=Microsoft Corporation;L=Redmond;ST=WA;C=US,ssl_subject.CN=*.wns.windows.com,ssl_subject.CN=Mr Shepherd;OU=Security Shepherd Project;O=OWASP;L=Dublin;ST=Ireland;C=IE,ssl_subject.CN=settings-win.data.microsoft.com;OU=WSE;O=Microsoft;L=Redmond;ST=WA;C=US,ssl_subject.CN=sls.update.microsoft.com;OU=DSP;O=Microsoft;L=Redmond;ST=WA;C=US,ssl_issuer.-,ssl_issuer.CN=Microsoft IT TLS CA 5;OU=Microsoft IT;O=Microsoft Corporation;L=Redmond;ST=Washington;C=US,ssl_issuer.CN=Microsoft Secure Server CA 2011;O=Microsoft Corporation;L=Redmond;ST=Washington;C=US,ssl_issuer.CN=Microsoft Update Secure Server CA 2.1;O=Microsoft Corporation;L=Redmond;ST=Washington;C=US,ssl_issuer.CN=Mr Shepherd;OU=Security Shepherd Project;O=OWASP;L=Dublin;ST=Ireland;C=IE,http_trans_depth.-,http_trans_depth.1,http_trans_depth.10,http_trans_depth.2,http_trans_depth.3,http_trans_depth.4,http_trans_depth.5,http_trans_depth.6,http_trans_depth.7,http_trans_depth.8,http_trans_depth.9,http_method.-,http_method.GET,http_method.HEAD,http_method.POST,http_orig_mime_types.-,http_orig_mime_types.application/soap+xml,http_orig_mime_types.application/xml,http_resp_mime_types.-,http_resp_mime_types.application/ocsp-response,http_resp_mime_types.application/vnd.ms-cab-compressed,http_resp_mime_types.application/x-debian-package,http_resp_mime_types.application/xml,http_resp_mime_types.image/jpeg,http_resp_mime_types.image/png,http_resp_mime_types.text/html,http_resp_mime_types.text/json,http_resp_mime_types.text/plain,weird_name.-,weird_name.DNS_RR_unknown_type,weird_name.above_hole_data_without_any_acks,weird_name.active_connection_reuse,weird_name.bad_TCP_checksum,weird_name.bad_UDP_checksum,weird_name.connection_originator_SYN_ack,weird_name.data_before_established,weird_name.dnp3_corrupt_header_checksum,weird_name.inappropriate_FIN,weird_name.possible_split_routing,weird_addl.-,weird_addl.46,weird_addl.48,weird_notice.-,weird_notice.F,http_version.-,http_version.1.1
0.8444305400827141,0.0008095681793880887,7.003594224014286e-07,1.696285208846915e-08,8.150535053677821e-08,0.0,0.00015665387326701654,3.721184459113638e-05,1.6401239933738992e-05,4.340502690168332e-06,0.7096774193548387,3.0516646830846227e-05,0.00392156862745098,0.0,0.9310344827586207,0.0,0.0,0.0,1.0,0.002747969726277653,0.006001207343489223,1.5259021896696422e-05,0.0004577776421399579,0.0,0.0,0.0029105392156862746,0.0032519386557370742,3.201844262295082e-05,3.214968895175939e-05,0.0,0.0,0.0,0.0,1.0,0.0,0.0,1.0,0.0,0.0,0.0,0.0,0.0,0.0,0.0,0.0,0.0,0.0,0.0,0.0,0.0,0.0,0.0,0.0,1.0,0.0,0.0,0.0,1.0,0.0,0.0,0.0,1.0,0.0,0.0,1.0,0.0,1.0,0.0,1.0,0.0,0.0,0.0,1.0,0.0,0.0,0.0,0.0,0.0,1.0,0.0,0.0,1.0,0.0,0.0,1.0,0.0,0.0,0.0,0.0,0.0,1.0,0.0,0.0,0.0,0.0,1.0,0.0,0.0,0.0,0.0,0.0,0.0,0.0,0.0,0.0,0.0,1.0,0.0,0.0,0.0,1.0,0.0,0.0,1.0,0.0,0.0,0.0,0.0,0.0,0.0,0.0,0.0,0.0,1.0,0.0,0.0,0.0,0.0,0.0,0.0,0.0,0.0,0.0,0.0,1.0,0.0,0.0,1.0,0.0,1.0,0.0
0.8885039754604973,0.0008095681793880887,7.17066776270992e-07,1.5934800446743747e-08,8.814841985952503e-08,0.0,0.00015665387326701654,3.599178411273847e-05,1.6401239933738992e-05,4.641444210020003e-06,0.6129032258064516,3.0516646830846227e-05,0.00392156862745098,0.0,0.9310344827586207,0.0,0.0,0.0,1.0,0.002747969726277653,0.006001207343489223,1.5259021896696422e-05,0.0004577776421399579,0.0,0.0,0.0029105392156862746,0.0032519386557370742,3.201844262295082e-05,3.214968895175939e-05,0.0,0.0,0.0,0.0,1.0,0.0,0.0,1.0,0.0,0.0,0.0,0.0,0.0,0.0,0.0,0.0,0.0,0.0,0.0,0.0,0.0,0.0,0.0,0.0,1.0,0.0,0.0,0.0,1.0,0.0,0.0,0.0,1.0,0.0,0.0,1.0,0.0,1.0,0.0,1.0,0.0,0.0,0.0,1.0,0.0,0.0,0.0,0.0,0.0,1.0,0.0,0.0,1.0,0.0,0.0,1.0,0.0,0.0,0.0,0.0,0.0,1.0,0.0,0.0,0.0,0.0,1.0,0.0,0.0,0.0,0.0,0.0,0.0,0.0,0.0,0.0,0.0,1.0,0.0,0.0,0.0,1.0,0.0,0.0,1.0,0.0,0.0,0.0,0.0,0.0,0.0,0.0,0.0,0.0,1.0,0.0,0.0,0.0,0.0,0.0,0.0,0.0,0.0,0.0,0.0,1.0,0.0,0.0,1.0,0.0,1.0,0.0
0.9135165656904789,0.0008095681793880887,6.829237992606279e-07,2.1589084476233464e-08,8.354937186685415e-08,0.0,0.00015665387326701654,4.2702116743927e-05,1.6401239933738992e-05,4.433100080891923e-06,0.3548387096774194,3.0516646830846227e-05,0.00392156862745098,0.0,0.9310344827586207,0.0,0.0,0.0,1.0,0.002747969726277653,0.006001207343489223,1.5259021896696422e-05,0.0004577776421399579,0.0,0.0,0.0029105392156862746,0.0032519386557370742,3.201844262295082e-05,3.214968895175939e-05,0.0,0.0,0.0,0.0,1.0,0.0,0.0,1.0,0.0,0.0,0.0,0.0,0.0,0.0,0.0,0.0,0.0,0.0,0.0,0.0,0.0,0.0,0.0,0.0,1.0,0.0,0.0,0.0,1.0,0.0,0.0,0.0,1.0,0.0,0.0,1.0,0.0,1.0,0.0,1.0,0.0,0.0,0.0,1.0,0.0,0.0,0.0,0.0,0.0,1.0,0.0,0.0,1.0,0.0,0.0,1.0,0.0,0.0,0.0,0.0,0.0,1.0,0.0,0.0,0.0,0.0,1.0,0.0,0.0,0.0,0.0,0.0,0.0,0.0,0.0,0.0,0.0,1.0,0.0,0.0,0.0,1.0,0.0,0.0,1.0,0.0,0.0,0.0,0.0,0.0,0.0,0.0,0.0,0.0,1.0,0.0,0.0,0.0,0.0,0.0,0.0,0.0,0.0,0.0,0.0,1.0,0.0,0.0,1.0,0.0,1.0,0.0
0.926839318143666,0.0008095681793880887,3.2896351375481365e-07,2.313116193882157e-08,4.701249059174668e-08,0.0,0.00015665387326701654,4.453220746152387e-05,1.6401239933738992e-05,2.7779217217077325e-06,0.6774193548387096,3.0516646830846227e-05,0.00392156862745098,0.0,0.9310344827586207,0.0,0.0,0.0,1.0,0.002747969726277653,0.006001207343489223,1.5259021896696422e-05,0.0004577776421399579,0.0,0.0,0.0029105392156862746,0.0032519386557370742,3.201844262295082e-05,3.214968895175939e-05,0.0,0.0,0.0,0.0,1.0,0.0,0.0,1.0,0.0,0.0,0.0,0.0,0.0,0.0,0.0,0.0,0.0,0.0,0.0,0.0,0.0,0.0,0.0,0.0,1.0,0.0,0.0,0.0,1.0,0.0,0.0,0.0,1.0,0.0,0.0,1.0,0.0,1.0,0.0,1.0,0.0,0.0,0.0,1.0,0.0,0.0,0.0,0.0,0.0,1.0,0.0,0.0,1.0,0.0,0.0,1.0,0.0,0.0,0.0,0.0,0.0,1.0,0.0,0.0,0.0,0.0,1.0,0.0,0.0,0.0,0.0,0.0,0.0,0.0,0.0,0.0,0.0,1.0,0.0,0.0,0.0,1.0,0.0,0.0,1.0,0.0,0.0,0.0,0.0,0.0,0.0,0.0,0.0,0.0,1.0,0.0,0.0,0.0,0.0,0.0,0.0,0.0,0.0,0.0,0.0,1.0,0.0,0.0,1.0,0.0,1.0,0.0
0.5103545103545104,0.0008095681793880887,1.3509394981453378e-07,1.644882626760645e-08,2.7594287956025227e-08,0.0,0.00015665387326701654,3.660181435193743e-05,1.6401239933738992e-05,1.8982465098336171e-06,0.7419354838709677,3.0516646830846227e-05,0.00392156862745098,0.0,0.9310344827586207,0.0,0.0,0.0,1.0,0.002747969726277653,0.006001207343489223,1.5259021896696422e-05,0.0004577776421399579,0.0,0.0,0.0029105392156862746,0.0032519386557370742,3.201844262295082e-05,3.214968895175939e-05,0.0,0.0,0.0,0.0,1.0,0.0,0.0,1.0,0.0,0.0,0.0,0.0,0.0,0.0,0.0,0.0,0.0,0.0,0.0,0.0,0.0,0.0,0.0,0.0,1.0,0.0,0.0,0.0,1.0,0.0,0.0,0.0,1.0,0.0,0.0,1.0,0.0,1.0,0.0,1.0,0.0,0.0,0.0,1.0,0.0,0.0,0.0,0.0,0.0,1.0,0.0,0.0,1.0,0.0,0.0,1.0,0.0,0.0,0.0,0.0,0.0,1.0,0.0,0.0,0.0,0.0,1.0,0.0,0.0,0.0,0.0,0.0,0.0,0.0,0.0,0.0,0.0,1.0,0.0,0.0,0.0,1.0,0.0,0.0,1.0,0.0,0.0,0.0,0.0,0.0,0.0,0.0,0.0,0.0,1.0,0.0,0.0,0.0,0.0,0.0,0.0,0.0,0.0,0.0,0.0,1.0,0.0,0.0,1.0,0.0,1.0,0.0
0.5980282936804677,0.006766767989979685,0.0019744084543765264,1.7954921922734164e-06,1.2540070860015908e-06,0.0,0.003524712148507872,0.0028470111263415327,0.00046743533811156125,9.106953377665183e-05,0.7096774193548387,0.0,0.0,0.0,0.9310344827586207,0.0,0.0,0.0,1.0,0.002747969726277653,0.006001207343489223,1.5259021896696422e-05,0.0004577776421399579,0.0,0.0,0.002604166666666667,0.00419480844349516,0.002689549180327869,0.0011091642688356989,0.0,0.0,0.0,1.0,0.0,0.0,0.0,0.0,0.0,0.0,0.0,0.0,0.0,1.0,0.0,0.0,0.0,0.0,1.0,0.0,0.0,0.0,0.0,0.0,0.0,0.0,0.0,1.0,0.0,0.0,1.0,0.0,0.0,1.0,0.0,0.0,1.0,0.0,0.0,1.0,0.0,0.0,0.0,1.0,0.0,0.0,0.0,0.0,0.0,1.0,0.0,0.0,1.0,0.0,0.0,1.0,0.0,0.0,0.0,0.0,0.0,1.0,0.0,0.0,0.0,0.0,1.0,0.0,0.0,0.0,0.0,0.0,0.0,0.0,0.0,0.0,0.0,1.0,0.0,0.0,0.0,1.0,0.0,0.0,1.0,0.0,0.0,0.0,0.0,0.0,0.0,0.0,0.0,0.0,1.0,0.0,0.0,0.0,0.0,0.0,0.0,0.0,0.0,0.0,0.0,1.0,0.0,0.0,1.0,0.0,1.0,0.0
0.5980588154501199,0.006766767989979685,8.191155079031299e-06,5.690265836950106e-07,7.721290574361874e-07,0.0,0.0013315579227696406,0.0009510371429111742,0.00014761115940365092,5.638023627682652e-05,0.7096774193548387,0.0,0.0,0.0,0.9310344827586207,0.0,0.0,0.0,1.0,0.002747969726277653,0.006001207343489223,1.5259021896696422e-05,0.0004577776421399579,0.0,0.0,0.002604166666666667,0.00419480844349516,0.002689549180327869,0.0011091642688356989,0.0,0.0,0.0,1.0,0.0,0.0,0.0,0.0,0.0,0.0,0.0,0.0,0.0,1.0,0.0,0.0,0.0,0.0,0.0,0.0,0.0,0.0,0.0,0.0,1.0,0.0,0.0,1.0,0.0,0.0,1.0,0.0,0.0,1.0,0.0,0.0,1.0,0.0,0.0,1.0,0.0,0.0,0.0,1.0,0.0,0.0,0.0,0.0,0.0,1.0,0.0,0.0,1.0,0.0,0.0,1.0,0.0,0.0,0.0,0.0,0.0,1.0,0.0,0.0,0.0,0.0,1.0,0.0,0.0,0.0,0.0,0.0,0.0,0.0,0.0,0.0,0.0,1.0,0.0,0.0,0.0,1.0,0.0,0.0,1.0,0.0,0.0,0.0,0.0,0.0,0.0,0.0,0.0,0.0,1.0,0.0,0.0,0.0,0.0,0.0,0.0,0.0,0.0,0.0,0.0,1.0,0.0,0.0,1.0,0.0,1.0,0.0
0.6149983976070934,0.0008095681793880887,1.7206432517205482e-07,1.696285208846915e-08,7.409577321525292e-08,0.0,0.00015665387326701654,3.721184459113638e-05,1.6401239933738992e-05,4.004837148795315e-06,0.0967741935483871,3.0516646830846227e-05,0.00392156862745098,0.0,0.9310344827586207,0.0,0.0,0.0,1.0,0.002747969726277653,0.006001207343489223,1.5259021896696422e-05,0.0004577776421399579,0.0,0.0,0.0029105392156862746,0.0032519386557370742,3.201844262295082e-05,3.214968895175939e-05,0.0,0.0,0.0,0.0,1.0,0.0,0.0,1.0,0.0,0.0,0.0,0.0,0.0,0.0,0.0,0.0,0.0,0.0,0.0,0.0,0.0,0.0,0.0,0.0,1.0,0.0,0.0,0.0,1.0,0.0,0.0,0.0,1.0,0.0,0.0,1.0,0.0,1.0,0.0,1.0,0.0,0.0,0.0,1.0,0.0,0.0,0.0,0.0,0.0,1.0,0.0,0.0,1.0,0.0,0.0,1.0,0.0,0.0,0.0,0.0,0.0,1.0,0.0,0.0,0.0,0.0,1.0,0.0,0.0,0.0,0.0,0.0,0.0,0.0,0.0,0.0,0.0,1.0,0.0,0.0,0.0,1.0,0.0,0.0,1.0,0.0,0.0,0.0,0.0,0.0,0.0,0.0,0.0,0.0,1.0,0.0,0.0,0.0,0.0,0.0,0.0,0.0,0.0,0.0,0.0,1.0,0.0,0.0,1.0,0.0,1.0,0.0
0.7034962687136601,0.0008095681793880887,1.6476021277523288e-07,1.8504929551057255e-08,7.562878921280988e-08,0.0,0.00015665387326701654,3.9041935308733256e-05,1.6401239933738992e-05,4.074285191838007e-06,0.1935483870967742,3.0516646830846227e-05,0.00392156862745098,0.0,0.9310344827586207,0.0,0.0,0.0,1.0,0.002747969726277653,0.006001207343489223,1.5259021896696422e-05,0.0004577776421399579,0.0,0.0,0.0029105392156862746,0.0032519386557370742,3.201844262295082e-05,3.214968895175939e-05,0.0,0.0,0.0,0.0,1.0,0.0,0.0,1.0,0.0,0.0,0.0,0.0,0.0,0.0,0.0,0.0,0.0,0.0,0.0,0.0,0.0,0.0,0.0,0.0,1.0,0.0,0.0,0.0,1.0,0.0,0.0,0.0,1.0,0.0,0.0,1.0,0.0,1.0,0.0,1.0,0.0,0.0,0.0,1.0,0.0,0.0,0.0,0.0,0.0,1.0,0.0,0.0,1.0,0.0,0.0,1.0,0.0,0.0,0.0,0.0,0.0,1.0,0.0,0.0,0.0,0.0,1.0,0.0,0.0,0.0,0.0,0.0,0.0,0.0,0.0,0.0,0.0,1.0,0.0,0.0,0.0,1.0,0.0,0.0,1.0,0.0,0.0,0.0,0.0,0.0,0.0,0.0,0.0,0.0,1.0,0.0,0.0,0.0,0.0,0.0,0.0,0.0,0.0,0.0,0.0,1.0,0.0,0.0,1.0,0.0,1.0,0.0
0.7034962687136601,0.0008095681793880887,1.6476021277523288e-07,1.8504929551057255e-08,7.562878921280988e-08,0.0,0.00015665387326701654,3.9041935308733256e-05,1.6401239933738992e-05,4.074285191838007e-06,0.1935483870967742,3.0516646830846227e-05,0.10980392156862745,0.0,0.9310344827586207,0.0,0.0,0.0,1.0,0.002747969726277653,0.006001207343489223,1.5259021896696422e-05,0.0004577776421399579,0.0,0.0,0.0029105392156862746,0.0032519386557370742,3.201844262295082e-05,3.214968895175939e-05,0.0,0.0,0.0,0.0,1.0,0.0,0.0,1.0,0.0,0.0,0.0,0.0,0.0,0.0,0.0,0.0,0.0,0.0,0.0,0.0,0.0,0.0,0.0,0.0,1.0,0.0,0.0,0.0,1.0,0.0,0.0,0.0,1.0,0.0,0.0,1.0,0.0,1.0,0.0,1.0,0.0,0.0,0.0,1.0,0.0,0.0,0.0,0.0,0.0,1.0,0.0,0.0,1.0,0.0,0.0,1.0,0.0,0.0,0.0,0.0,0.0,1.0,0.0,0.0,0.0,0.0,1.0,0.0,0.0,0.0,0.0,0.0,0.0,0.0,0.0,0.0,0.0,1.0,0.0,0.0,0.0,1.0,0.0,0.0,1.0,0.0,0.0,0.0,0.0,0.0,0.0,0.0,0.0,0.0,1.0,0.0,0.0,0.0,0.0,0.0,0.0,0.0,0.0,0.0,0.0,1.0,0.0,0.0,1.0,0.0,1.0,0.0
0.7252430295908557,0.006766767989979685,0.0012978486896918172,7.296596527146048e-07,4.473340680871201e-06,0.0,0.0021931542257382316,0.001301499515330975,0.00027062045890669336,0.00022260412729951297,0.7096774193548387,0.0,0.0,0.0,0.9310344827586207,0.0,0.0,0.0,1.0,0.002747969726277653,0.006001207343489223,1.5259021896696422e-05,0.0004577776421399579,0.0,0.0,0.0022824754901960786,0.001962708537782139,0.003089779713114754,0.003761513607355849,0.0,0.0,0.0,1.0,0.0,0.0,0.0,0.0,0.0,0.0,0.0,0.0,0.0,1.0,0.0,0.0,0.0,0.0,0.0,0.0,0.0,0.0,0.0,0.0,1.0,0.0,0.0,1.0,0.0,0.0,1.0,0.0,0.0,1.0,0.0,0.0,1.0,0.0,0.0,1.0,0.0,0.0,0.0,1.0,0.0,0.0,0.0,0.0,0.0,1.0,0.0,0.0,1.0,0.0,0.0,1.0,0.0,0.0,0.0,0.0,0.0,1.0,0.0,0.0,0.0,0.0,1.0,0.0,0.0,0.0,0.0,0.0,0.0,0.0,0.0,0.0,0.0,1.0,0.0,0.0,0.0,1.0,0.0,0.0,1.0,0.0,0.0,0.0,0.0,0.0,0.0,0.0,0.0,0.0,1.0,0.0,0.0,0.0,0.0,0.0,0.0,0.0,0.0,0.0,0.0,1.0,0.0,0.0,1.0,0.0,1.0,0.0
0.8370137500572284,0.006766767989979685,0.0019411979297794017,4.4488934795666815e-07,1.2900329619441793e-06,0.0,0.0015665387326701653,0.0008628877733469248,0.0001886142592379984,7.288572117330662e-05,0.7096774193548387,0.0,0.0,0.0,0.9310344827586207,0.0,0.0,0.0,1.0,0.002747969726277653,0.006001207343489223,1.5259021896696422e-05,0.0004577776421399579,0.0,0.0,0.0015625,0.004714348938790433,0.0006883965163934426,0.00014467360028291726,0.0,0.0,0.0,1.0,0.0,0.0,0.0,0.0,0.0,0.0,0.0,0.0,0.0,1.0,0.0,0.0,0.0,0.0,1.0,0.0,0.0,0.0,0.0,0.0,0.0,0.0,0.0,1.0,0.0,0.0,1.0,0.0,0.0,1.0,0.0,0.0,1.0,0.0,0.0,1.0,0.0,0.0,0.0,1.0,0.0,0.0,0.0,0.0,0.0,1.0,0.0,0.0,1.0,0.0,0.0,1.0,0.0,0.0,0.0,0.0,0.0,1.0,0.0,0.0,0.0,0.0,1.0,0.0,0.0,0.0,0.0,0.0,0.0,0.0,0.0,0.0,0.0,1.0,0.0,0.0,0.0,1.0,0.0,0.0,1.0,0.0,0.0,0.0,0.0,0.0,0.0,0.0,0.0,0.0,1.0,0.0,0.0,0.0,0.0,0.0,0.0,0.0,0.0,0.0,0.0,1.0,0.0,0.0,1.0,0.0,1.0,0.0
0.5127504692722085,0.006766767989979685,0.001932885592835605,2.891395242352696e-07,8.945148345744844e-07,0.0,0.0012532309861361323,0.0005993547100129754,0.00013120991946991194,5.0106763055303227e-05,0.7096774193548387,0.0,0.0,0.0,0.9310344827586207,0.0,0.0,0.0,1.0,0.002747969726277653,0.006001207343489223,1.5259021896696422e-05,0.0004577776421399579,0.0,0.0,0.002604166666666667,0.00419480844349516,0.0031217981557377047,0.002539825427188992,0.0,0.0,0.0,1.0,0.0,0.0,0.0,0.0,0.0,0.0,0.0,0.0,0.0,1.0,0.0,0.0,0.0,0.0,1.0,0.0,0.0,0.0,0.0,0.0,0.0,0.0,0.0,1.0,0.0,0.0,1.0,0.0,0.0,1.0,0.0,0.0,1.0,0.0,0.0,1.0,0.0,0.0,0.0,1.0,0.0,0.0,0.0,0.0,0.0,1.0,0.0,0.0,1.0,0.0,0.0,1.0,0.0,0.0,0.0,0.0,0.0,1.0,0.0,0.0,0.0,0.0,1.0,0.0,0.0,0.0,0.0,0.0,0.0,0.0,0.0,0.0,0.0,1.0,0.0,0.0,0.0,1.0,0.0,0.0,1.0,0.0,0.0,0.0,0.0,0.0,0.0,0.0,0.0,0.0,1.0,0.0,0.0,0.0,0.0,0.0,0.0,0.0,0.0,0.0,0.0,1.0,0.0,0.0,1.0,0.0,1.0,0.0
0.5980893372197721,0.006766767989979685,4.845903730813519e-06,5.713396998888927e-07,7.721290574361874e-07,0.0,0.001488211796036657,0.0009855038514259152,0.00013941053943678143,4.574311101745399e-05,0.7096774193548387,0.0,0.0,0.0,0.9310344827586207,0.0,0.0,0.0,1.0,0.002747969726277653,0.006001207343489223,1.5259021896696422e-05,0.0004577776421399579,0.0,0.0,0.002604166666666667,0.00419480844349516,0.002689549180327869,0.0011091642688356989,0.0,0.0,0.0,1.0,0.0,0.0,0.0,0.0,0.0,0.0,0.0,0.0,0.0,1.0,0.0,0.0,0.0,0.0,0.0,0.0,0.0,0.0,0.0,0.0,1.0,0.0,0.0,1.0,0.0,0.0,1.0,0.0,0.0,1.0,0.0,0.0,1.0,0.0,0.0,1.0,0.0,0.0,0.0,1.0,0.0,0.0,0.0,0.0,0.0,1.0,0.0,0.0,1.0,0.0,0.0,1.0,0.0,0.0,0.0,0.0,0.0,1.0,0.0,0.0,0.0,0.0,1.0,0.0,0.0,0.0,0.0,0.0,0.0,0.0,0.0,0.0,0.0,1.0,0.0,0.0,0.0,1.0,0.0,0.0,1.0,0.0,0.0,0.0,0.0,0.0,0.0,0.0,0.0,0.0,1.0,0.0,0.0,0.0,0.0,0.0,0.0,0.0,0.0,0.0,0.0,1.0,0.0,0.0,1.0,0.0,1.0,0.0
0.62284249240771,0.006766767989979685,0.0019367030304176399,2.598400524460956e-07,2.4063241108319034e-06,0.0,0.0015665387326701653,0.000562142865421839,0.00016401239933738993,0.00011905709512285723,0.7096774193548387,0.0,0.0,0.0,0.9310344827586207,0.0,0.0,0.0,1.0,0.002747969726277653,0.006001207343489223,1.5259021896696422e-05,0.0004577776421399579,0.0,0.0,0.0029105392156862746,1.9242240566491562e-05,0.0012647284836065575,0.0003857962674211127,0.0,0.0,0.0,1.0,0.0,0.0,0.0,0.0,0.0,0.0,0.0,0.0,0.0,1.0,0.0,0.0,0.0,0.0,1.0,0.0,0.0,0.0,0.0,0.0,0.0,0.0,0.0,1.0,0.0,0.0,1.0,0.0,0.0,1.0,0.0,0.0,1.0,0.0,0.0,1.0,0.0,0.0,0.0,1.0,0.0,0.0,0.0,0.0,0.0,1.0,0.0,0.0,1.0,0.0,0.0,1.0,0.0,0.0,0.0,0.0,0.0,1.0,0.0,0.0,0.0,0.0,1.0,0.0,0.0,0.0,0.0,0.0,0.0,0.0,0.0,0.0,0.0,1.0,0.0,0.0,0.0,1.0,0.0,0.0,1.0,0.0,0.0,0.0,0.0,0.0,0.0,0.0,0.0,0.0,1.0,0.0,0.0,0.0,0.0,0.0,0.0,0.0,0.0,0.0,0.0,1.0,0.0,0.0,1.0,0.0,1.0,0.0
0.6535473926778276,0.0008095681793880887,1.3674326551704196e-07,2.2103110297096166e-08,8.482688519815162e-08,0.0,0.00015665387326701654,4.3312146983125955e-05,1.6401239933738992e-05,4.490973450094167e-06,0.0,3.0516646830846227e-05,0.00392156862745098,0.0,0.9310344827586207,0.0,0.0,0.0,1.0,0.002747969726277653,0.006001207343489223,1.5259021896696422e-05,0.0004577776421399579,0.0,0.0,0.0029105392156862746,0.0032519386557370742,3.201844262295082e-05,3.214968895175939e-05,0.0,0.0,0.0,0.0,1.0,0.0,0.0,1.0,0.0,0.0,0.0,0.0,0.0,0.0,0.0,0.0,0.0,0.0,0.0,0.0,0.0,0.0,0.0,0.0,1.0,0.0,0.0,0.0,1.0,0.0,0.0,0.0,1.0,0.0,0.0,1.0,0.0,1.0,0.0,1.0,0.0,0.0,0.0,1.0,0.0,0.0,0.0,0.0,0.0,1.0,0.0,0.0,1.0,0.0,0.0,1.0,0.0,0.0,0.0,0.0,0.0,1.0,0.0,0.0,0.0,0.0,1.0,0.0,0.0,0.0,0.0,0.0,0.0,0.0,0.0,0.0,0.0,1.0,0.0,0.0,0.0,1.0,0.0,0.0,1.0,0.0,0.0,0.0,0.0,0.0,0.0,0.0,0.0,0.0,1.0,0.0,0.0,0.0,0.0,0.0,0.0,0.0,0.0,0.0,0.0,1.0,0.0,0.0,1.0,0.0,1.0,0.0
0.690936560501778,0.0008095681793880887,6.309060955782758e-07,2.004700701364536e-08,1.1191016782165786e-07,0.0,0.00015665387326701654,4.087202602633013e-05,1.6401239933738992e-05,5.717888877181749e-06,0.8709677419354839,3.0516646830846227e-05,0.00392156862745098,0.0,0.9310344827586207,0.0,0.0,0.0,1.0,0.002747969726277653,0.006001207343489223,1.5259021896696422e-05,0.0004577776421399579,0.0,0.0,0.0029105392156862746,0.0032519386557370742,3.201844262295082e-05,3.214968895175939e-05,0.0,0.0,0.0,0.0,1.0,0.0,0.0,1.0,0.0,0.0,0.0,0.0,0.0,0.0,0.0,0.0,0.0,0.0,0.0,0.0,0.0,0.0,0.0,0.0,1.0,0.0,0.0,0.0,1.0,0.0,0.0,0.0,1.0,0.0,0.0,1.0,0.0,1.0,0.0,1.0,0.0,0.0,0.0,1.0,0.0,0.0,0.0,0.0,0.0,1.0,0.0,0.0,1.0,0.0,0.0,1.0,0.0,0.0,0.0,0.0,0.0,1.0,0.0,0.0,0.0,0.0,1.0,0.0,0.0,0.0,0.0,0.0,0.0,0.0,0.0,0.0,0.0,1.0,0.0,0.0,0.0,1.0,0.0,0.0,1.0,0.0,0.0,0.0,0.0,0.0,0.0,0.0,0.0,0.0,1.0,0.0,0.0,0.0,0.0,0.0,0.0,0.0,0.0,0.0,0.0,1.0,0.0,0.0,1.0,0.0,1.0,0.0
0.7263875959528134,0.0008095681793880887,1.6182571600583522e-07,2.1589084476233464e-08,4.317995059785429e-08,0.0,0.00015665387326701654,4.2702116743927e-05,1.6401239933738992e-05,2.6043016141009993e-06,0.6451612903225806,3.0516646830846227e-05,0.00392156862745098,0.0,0.9310344827586207,0.0,0.0,0.0,1.0,0.002747969726277653,0.006001207343489223,1.5259021896696422e-05,0.0004577776421399579,0.0,0.0,0.0029105392156862746,0.0032519386557370742,3.201844262295082e-05,3.214968895175939e-05,0.0,0.0,0.0,0.0,1.0,0.0,0.0,1.0,0.0,0.0,0.0,0.0,0.0,0.0,0.0,0.0,0.0,0.0,0.0,0.0,0.0,0.0,0.0,0.0,1.0,0.0,0.0,0.0,1.0,0.0,0.0,0.0,1.0,0.0,0.0,1.0,0.0,1.0,0.0,1.0,0.0,0.0,0.0,1.0,0.0,0.0,0.0,0.0,0.0,1.0,0.0,0.0,1.0,0.0,0.0,1.0,0.0,0.0,0.0,0.0,0.0,1.0,0.0,0.0,0.0,0.0,1.0,0.0,0.0,0.0,0.0,0.0,0.0,0.0,0.0,0.0,0.0,1.0,0.0,0.0,0.0,1.0,0.0,0.0,1.0,0.0,0.0,0.0,0.0,0.0,0.0,0.0,0.0,0.0,1.0,0.0,0.0,0.0,0.0,0.0,0.0,0.0,0.0,0.0,0.0,1.0,0.0,0.0,1.0,0.0,1.0,0.0
0.7624948494513712,0.0008095681793880887,6.676944036179874e-07,2.1075058655370763e-08,5.569958124456944e-08,0.0,0.00015665387326701654,4.209208650472804e-05,1.6401239933738992e-05,3.1714606322829945e-06,0.4838709677419355,3.0516646830846227e-05,0.00392156862745098,0.0,0.9310344827586207,0.0,0.0,0.0,1.0,0.002747969726277653,0.006001207343489223,1.5259021896696422e-05,0.0004577776421399579,0.0,0.0,0.0029105392156862746,0.0032519386557370742,3.201844262295082e-05,3.214968895175939e-05,0.0,0.0,0.0,0.0,1.0,0.0,0.0,1.0,0.0,0.0,0.0,0.0,0.0,0.0,0.0,0.0,0.0,0.0,0.0,0.0,0.0,0.0,0.0,0.0,1.0,0.0,0.0,0.0,1.0,0.0,0.0,0.0,1.0,0.0,0.0,1.0,0.0,1.0,0.0,1.0,0.0,0.0,0.0,1.0,0.0,0.0,0.0,0.0,0.0,1.0,0.0,0.0,1.0,0.0,0.0,1.0,0.0,0.0,0.0,0.0,0.0,1.0,0.0,0.0,0.0,0.0,1.0,0.0,0.0,0.0,0.0,0.0,0.0,0.0,0.0,0.0,0.0,1.0,0.0,0.0,0.0,1.0,0.0,0.0,1.0,0.0,0.0,0.0,0.0,0.0,0.0,0.0,0.0,0.0,1.0,0.0,0.0,0.0,0.0,0.0,0.0,0.0,0.0,0.0,0.0,1.0,0.0,0.0,1.0,0.0,1.0,0.0
0.7624948494513712,0.0008095681793880887,6.676944036179874e-07,2.1075058655370763e-08,5.569958124456944e-08,0.0,0.00015665387326701654,4.209208650472804e-05,1.6401239933738992e-05,3.1714606322829945e-06,0.4838709677419355,3.0516646830846227e-05,0.10980392156862745,0.0,0.9310344827586207,0.0,0.0,0.0,1.0,0.002747969726277653,0.006001207343489223,1.5259021896696422e-05,0.0004577776421399579,0.0,0.0,0.0029105392156862746,0.0032519386557370742,3.201844262295082e-05,3.214968895175939e-05,0.0,0.0,0.0,0.0,1.0,0.0,0.0,1.0,0.0,0.0,0.0,0.0,0.0,0.0,0.0,0.0,0.0,0.0,0.0,0.0,0.0,0.0,0.0,0.0,1.0,0.0,0.0,0.0,1.0,0.0,0.0,0.0,1.0,0.0,0.0,1.0,0.0,1.0,0.0,1.0,0.0,0.0,0.0,1.0,0.0,0.0,0.0,0.0,0.0,1.0,0.0,0.0,1.0,0.0,0.0,1.0,0.0,0.0,0.0,0.0,0.0,1.0,0.0,0.0,0.0,0.0,1.0,0.0,0.0,0.0,0.0,0.0,0.0,0.0,0.0,0.0,0.0,1.0,0.0,0.0,0.0,1.0,0.0,0.0,1.0,0.0,0.0,0.0,0.0,0.0,0.0,0.0,0.0,0.0,1.0,0.0,0.0,0.0,0.0,0.0,0.0,0.0,0.0,0.0,0.0,1.0,0.0,0.0,1.0,0.0,1.0,0.0
0.6586140064400935,0.0012219897047367376,4.514198497449341e-08,3.983700111685937e-08,5.5188575912050454e-08,0.0,0.00039163468316754133,0.00012902139559057944,4.100309983434748e-05,5.602142138777261e-06,0.7096774193548387,0.0,0.0,0.0,0.9310344827586207,0.0,0.0,0.0,1.0,0.002747969726277653,0.006001207343489223,1.5259021896696422e-05,0.0004577776421399579,0.0,0.0,0.0029105392156862746,0.0032519386557370742,3.201844262295082e-05,0.003070295294893022,0.0,0.0,0.0,1.0,0.0,0.0,0.0,0.0,0.0,0.0,1.0,0.0,0.0,0.0,0.0,0.0,0.0,0.0,0.0,0.0,0.0,0.0,0.0,0.0,1.0,0.0,0.0,1.0,0.0,0.0,1.0,0.0,0.0,1.0,0.0,0.0,1.0,0.0,0.0,1.0,0.0,0.0,0.0,1.0,0.0,0.0,0.0,0.0,0.0,1.0,0.0,0.0,1.0,0.0,0.0,1.0,0.0,0.0,0.0,0.0,0.0,1.0,0.0,0.0,0.0,0.0,1.0,0.0,0.0,0.0,0.0,0.0,0.0,0.0,0.0,0.0,0.0,1.0,0.0,0.0,0.0,1.0,0.0,0.0,1.0,0.0,0.0,0.0,0.0,0.0,0.0,0.0,0.0,0.0,1.0,0.0,0.0,0.0,0.0,0.0,0.0,0.0,0.0,0.0,0.0,1.0,0.0,0.0,1.0,0.0,1.0,0.0
0.6586445282097457,0.0012219897047367376,2.6945963035783016e-08,3.983700111685937e-08,1.6633223573492985e-07,0.0,0.00039163468316754133,0.00012902139559057944,4.100309983434748e-05,1.0637125259372526e-05,0.7096774193548387,0.0,0.0,0.0,0.9310344827586207,0.0,0.0,0.0,1.0,0.002747969726277653,0.006001207343489223,1.5259021896696422e-05,0.0004577776421399579,0.0,0.0,0.0029105392156862746,0.0032519386557370742,3.201844262295082e-05,0.003070295294893022,0.0,0.0,0.0,1.0,0.0,0.0,0.0,0.0,0.0,0.0,1.0,0.0,0.0,0.0,0.0,0.0,0.0,0.0,0.0,0.0,0.0,0.0,0.0,0.0,1.0,0.0,0.0,1.0,0.0,0.0,1.0,0.0,0.0,1.0,0.0,0.0,1.0,0.0,0.0,1.0,0.0,0.0,0.0,1.0,0.0,0.0,0.0,0.0,0.0,1.0,0.0,0.0,1.0,0.0,0.0,1.0,0.0,0.0,0.0,0.0,0.0,1.0,0.0,0.0,0.0,0.0,1.0,0.0,0.0,0.0,0.0,0.0,0.0,0.0,0.0,0.0,0.0,1.0,0.0,0.0,0.0,1.0,0.0,0.0,1.0,0.0,0.0,0.0,0.0,0.0,0.0,0.0,0.0,0.0,1.0,0.0,0.0,0.0,0.0,0.0,0.0,0.0,0.0,0.0,0.0,1.0,0.0,0.0,1.0,0.0,1.0,0.0
0.6586750499793979,0.0012219897047367376,3.959428670242044e-08,3.983700111685937e-08,1.6582123040241085e-07,0.0,0.00039163468316754133,0.00012902139559057944,4.100309983434748e-05,1.0613975911691628e-05,0.7096774193548387,0.0,0.0,0.0,0.9310344827586207,0.0,0.0,0.0,1.0,0.002747969726277653,0.006001207343489223,1.5259021896696422e-05,0.0004577776421399579,0.0,0.0,0.0029105392156862746,0.0032519386557370742,3.201844262295082e-05,0.003070295294893022,0.0,0.0,0.0,1.0,0.0,0.0,0.0,0.0,0.0,0.0,1.0,0.0,0.0,0.0,0.0,0.0,0.0,0.0,0.0,0.0,0.0,0.0,0.0,0.0,1.0,0.0,0.0,1.0,0.0,0.0,1.0,0.0,0.0,1.0,0.0,0.0,1.0,0.0,0.0,1.0,0.0,0.0,0.0,1.0,0.0,0.0,0.0,0.0,0.0,1.0,0.0,0.0,1.0,0.0,0.0,1.0,0.0,0.0,0.0,0.0,0.0,1.0,0.0,0.0,0.0,0.0,1.0,0.0,0.0,0.0,0.0,0.0,0.0,0.0,0.0,0.0,0.0,1.0,0.0,0.0,0.0,1.0,0.0,0.0,1.0,0.0,0.0,0.0,0.0,0.0,0.0,0.0,0.0,0.0,1.0,0.0,0.0,0.0,0.0,0.0,0.0,0.0,0.0,0.0,0.0,1.0,0.0,0.0,1.0,0.0,1.0,0.0
0.6587055717490501,0.0012219897047367376,2.558581307332497e-08,3.983700111685937e-08,1.6633223573492985e-07,0.0,0.00039163468316754133,0.00012902139559057944,4.100309983434748e-05,1.0637125259372526e-05,0.7096774193548387,0.0,0.0,0.0,0.9310344827586207,0.0,0.0,0.0,1.0,0.002747969726277653,0.006001207343489223,1.5259021896696422e-05,0.0004577776421399579,0.0,0.0,0.0029105392156862746,0.0032519386557370742,3.201844262295082e-05,0.003070295294893022,0.0,0.0,0.0,1.0,0.0,0.0,0.0,0.0,0.0,0.0,1.0,0.0,0.0,0.0,0.0,0.0,0.0,0.0,0.0,0.0,0.0,0.0,0.0,0.0,1.0,0.0,0.0,1.0,0.0,0.0,1.0,0.0,0.0,1.0,0.0,0.0,1.0,0.0,0.0,1.0,0.0,0.0,0.0,1.0,0.0,0.0,0.0,0.0,0.0,1.0,0.0,0.0,1.0,0.0,0.0,1.0,0.0,0.0,0.0,0.0,0.0,1.0,0.0,0.0,0.0,0.0,1.0,0.0,0.0,0.0,0.0,0.0,0.0,0.0,0.0,0.0,0.0,1.0,0.0,0.0,0.0,1.0,0.0,0.0,1.0,0.0,0.0,0.0,0.0,0.0,0.0,0.0,0.0,0.0,1.0,0.0,0.0,0.0,0.0,0.0,0.0,0.0,0.0,0.0,0.0,1.0,0.0,0.0,1.0,0.0,1.0,0.0
0.6587360935187023,0.0012219897047367376,2.26513163039273e-08,3.983700111685937e-08,1.6633223573492985e-07,0.0,0.00039163468316754133,0.00012902139559057944,4.100309983434748e-05,1.0637125259372526e-05,0.7096774193548387,0.0,0.0,0.0,0.9310344827586207,0.0,0.0,0.0,1.0,0.002747969726277653,0.006001207343489223,1.5259021896696422e-05,0.0004577776421399579,0.0,0.0,0.0029105392156862746,0.0032519386557370742,3.201844262295082e-05,0.003070295294893022,0.0,0.0,0.0,1.0,0.0,0.0,0.0,0.0,0.0,0.0,1.0,0.0,0.0,0.0,0.0,0.0,0.0,0.0,0.0,0.0,0.0,0.0,0.0,0.0,1.0,0.0,0.0,1.0,0.0,0.0,1.0,0.0,0.0,1.0,0.0,0.0,1.0,0.0,0.0,1.0,0.0,0.0,0.0,1.0,0.0,0.0,0.0,0.0,0.0,1.0,0.0,0.0,1.0,0.0,0.0,1.0,0.0,0.0,0.0,0.0,0.0,1.0,0.0,0.0,0.0,0.0,1.0,0.0,0.0,0.0,0.0,0.0,0.0,0.0,0.0,0.0,0.0,1.0,0.0,0.0,0.0,1.0,0.0,0.0,1.0,0.0,0.0,0.0,0.0,0.0,0.0,0.0,0.0,0.0,1.0,0.0,0.0,0.0,0.0,0.0,0.0,0.0,0.0,0.0,0.0,1.0,0.0,0.0,1.0,0.0,1.0,0.0
0.6587666152883546,0.0012219897047367376,5.6280220887535676e-08,3.9322975295996665e-08,1.387379477789046e-07,0.0,0.00039163468316754133,0.00012841136535138048,4.100309983434748e-05,9.387060484604045e-06,0.7096774193548387,0.0,0.0,0.0,0.9310344827586207,0.0,0.0,0.0,1.0,0.002747969726277653,0.006001207343489223,1.5259021896696422e-05,0.0004577776421399579,0.0,0.0,0.0029105392156862746,0.0032519386557370742,3.201844262295082e-05,0.003070295294893022,0.0,0.0,0.0,1.0,0.0,0.0,0.0,0.0,0.0,0.0,1.0,0.0,0.0,0.0,0.0,0.0,0.0,0.0,0.0,0.0,0.0,0.0,0.0,0.0,1.0,0.0,0.0,1.0,0.0,0.0,1.0,0.0,0.0,1.0,0.0,0.0,1.0,0.0,0.0,1.0,0.0,0.0,0.0,1.0,0.0,0.0,0.0,0.0,0.0,1.0,0.0,0.0,1.0,0.0,0.0,1.0,0.0,0.0,0.0,0.0,0.0,1.0,0.0,0.0,0.0,0.0,1.0,0.0,0.0,0.0,0.0,0.0,0.0,0.0,0.0,0.0,0.0,1.0,0.0,0.0,0.0,1.0,0.0,0.0,1.0,0.0,0.0,0.0,0.0,0.0,0.0,0.0,0.0,0.0,1.0,0.0,0.0,0.0,0.0,0.0,0.0,0.0,0.0,0.0,0.0,1.0,0.0,0.0,1.0,0.0,1.0,0.0
0.6587971370580067,0.0012219897047367376,3.562093523728709e-08,4.317816895246693e-08,4.903096165519667e-07,0.0,0.00046996161980104964,0.00014884737836454553,4.920371980121697e-05,2.5915694728765054e-05,0.7096774193548387,0.0,0.0,0.0,0.9310344827586207,0.0,0.0,0.0,1.0,0.002747969726277653,0.006001207343489223,1.5259021896696422e-05,0.0004577776421399579,0.0,0.0,0.0029105392156862746,0.0032519386557370742,3.201844262295082e-05,0.003070295294893022,0.0,0.0,0.0,1.0,0.0,0.0,0.0,0.0,0.0,0.0,1.0,0.0,0.0,0.0,0.0,0.0,0.0,0.0,0.0,0.0,0.0,0.0,0.0,0.0,1.0,0.0,0.0,1.0,0.0,0.0,1.0,0.0,0.0,1.0,0.0,0.0,1.0,0.0,0.0,1.0,0.0,0.0,0.0,1.0,0.0,0.0,0.0,0.0,0.0,1.0,0.0,0.0,1.0,0.0,0.0,1.0,0.0,0.0,0.0,0.0,0.0,1.0,0.0,0.0,0.0,0.0,1.0,0.0,0.0,0.0,0.0,0.0,0.0,0.0,0.0,0.0,0.0,1.0,0.0,0.0,0.0,1.0,0.0,0.0,1.0,0.0,0.0,0.0,0.0,0.0,0.0,0.0,0.0,0.0,1.0,0.0,0.0,0.0,0.0,0.0,0.0,0.0,0.0,0.0,0.0,1.0,0.0,0.0,1.0,0.0,1.0,0.0
0.6588276588276589,0.0012219897047367376,4.9897154921984527e-08,3.9579988206428015e-08,1.280068357960059e-07,0.0,0.00039163468316754133,0.00012871638047097996,4.100309983434748e-05,8.900924183305193e-06,0.7096774193548387,0.0,0.0,0.0,0.9310344827586207,0.0,0.0,0.0,1.0,0.002747969726277653,0.006001207343489223,1.5259021896696422e-05,0.0004577776421399579,0.0,0.0,0.0029105392156862746,0.0032519386557370742,3.201844262295082e-05,0.003070295294893022,0.0,0.0,0.0,1.0,0.0,0.0,0.0,0.0,0.0,0.0,1.0,0.0,0.0,0.0,0.0,0.0,0.0,0.0,0.0,0.0,0.0,0.0,0.0,0.0,1.0,0.0,0.0,1.0,0.0,0.0,1.0,0.0,0.0,1.0,0.0,0.0,1.0,0.0,0.0,1.0,0.0,0.0,0.0,1.0,0.0,0.0,0.0,0.0,0.0,1.0,0.0,0.0,1.0,0.0,0.0,1.0,0.0,0.0,0.0,0.0,0.0,1.0,0.0,0.0,0.0,0.0,1.0,0.0,0.0,0.0,0.0,0.0,0.0,0.0,0.0,0.0,0.0,1.0,0.0,0.0,0.0,1.0,0.0,0.0,1.0,0.0,0.0,0.0,0.0,0.0,0.0,0.0,0.0,0.0,1.0,0.0,0.0,0.0,0.0,0.0,0.0,0.0,0.0,0.0,0.0,1.0,0.0,0.0,1.0,0.0,1.0,0.0
0.6588581805973112,0.0012219897047367376,4.62236790391254e-08,4.292115604203558e-08,7.345701654960419e-07,0.0,0.00039163468316754133,0.00013268157702577316,4.920371980121697e-05,3.6981082920234187e-05,0.7096774193548387,0.0,0.0,0.0,0.9310344827586207,0.0,0.0,0.0,1.0,0.002747969726277653,0.006001207343489223,1.5259021896696422e-05,0.0004577776421399579,0.0,0.0,0.0029105392156862746,0.0032519386557370742,3.201844262295082e-05,0.003070295294893022,0.0,0.0,0.0,1.0,0.0,0.0,0.0,0.0,0.0,0.0,1.0,0.0,0.0,0.0,0.0,0.0,0.0,0.0,0.0,0.0,0.0,0.0,0.0,0.0,1.0,0.0,0.0,1.0,0.0,0.0,1.0,0.0,0.0,1.0,0.0,0.0,1.0,0.0,0.0,1.0,0.0,0.0,0.0,1.0,0.0,0.0,0.0,0.0,0.0,1.0,0.0,0.0,1.0,0.0,0.0,1.0,0.0,0.0,0.0,0.0,0.0,1.0,0.0,0.0,0.0,0.0,1.0,0.0,0.0,0.0,0.0,0.0,0.0,0.0,0.0,0.0,0.0,1.0,0.0,0.0,0.0,1.0,0.0,0.0,1.0,0.0,0.0,0.0,0.0,0.0,0.0,0.0,0.0,0.0,1.0,0.0,0.0,0.0,0.0,0.0,0.0,0.0,0.0,0.0,0.0,1.0,0.0,0.0,1.0,0.0,1.0,0.0
0.6588887023669633,0.0012219897047367376,3.798781036880857e-08,4.292115604203558e-08,7.470897961427571e-07,0.0,0.00039163468316754133,0.00013268157702577316,5.740433976808647e-05,3.815012497811953e-05,0.7096774193548387,0.0,0.0,0.0,0.9310344827586207,0.0,0.0,0.0,1.0,0.002747969726277653,0.006001207343489223,1.5259021896696422e-05,0.0004577776421399579,0.0,0.0,0.0029105392156862746,0.0032519386557370742,3.201844262295082e-05,0.003070295294893022,0.0,0.0,0.0,1.0,0.0,0.0,0.0,0.0,0.0,0.0,1.0,0.0,0.0,0.0,0.0,0.0,0.0,0.0,0.0,0.0,0.0,0.0,0.0,0.0,1.0,0.0,0.0,1.0,0.0,0.0,1.0,0.0,0.0,1.0,0.0,0.0,1.0,0.0,0.0,1.0,0.0,0.0,0.0,1.0,0.0,0.0,0.0,0.0,0.0,1.0,0.0,0.0,1.0,0.0,0.0,1.0,0.0,0.0,0.0,0.0,0.0,1.0,0.0,0.0,0.0,0.0,1.0,0.0,0.0,0.0,0.0,0.0,0.0,0.0,0.0,0.0,0.0,1.0,0.0,0.0,0.0,1.0,0.0,0.0,1.0,0.0,0.0,0.0,0.0,0.0,0.0,0.0,0.0,0.0,1.0,0.0,0.0,0.0,0.0,0.0,0.0,0.0,0.0,0.0,0.0,1.0,0.0,0.0,1.0,0.0,1.0,0.0
0.6589192241366155,0.0012219897047367376,7.008520751437364e-08,4.292115604203558e-08,7.187290001879534e-07,0.0,0.00039163468316754133,0.00013268157702577316,4.920371980121697e-05,3.6263453142126356e-05,0.7096774193548387,0.0,0.0,0.0,0.9310344827586207,0.0,0.0,0.0,1.0,0.002747969726277653,0.006001207343489223,1.5259021896696422e-05,0.0004577776421399579,0.0,0.0,0.0029105392156862746,0.0032519386557370742,3.201844262295082e-05,0.003070295294893022,0.0,0.0,0.0,1.0,0.0,0.0,0.0,0.0,0.0,0.0,1.0,0.0,0.0,0.0,0.0,0.0,0.0,0.0,0.0,0.0,0.0,0.0,0.0,0.0,1.0,0.0,0.0,1.0,0.0,0.0,1.0,0.0,0.0,1.0,0.0,0.0,1.0,0.0,0.0,1.0,0.0,0.0,0.0,1.0,0.0,0.0,0.0,0.0,0.0,1.0,0.0,0.0,1.0,0.0,0.0,1.0,0.0,0.0,0.0,0.0,0.0,1.0,0.0,0.0,0.0,0.0,1.0,0.0,0.0,0.0,0.0,0.0,0.0,0.0,0.0,0.0,0.0,1.0,0.0,0.0,0.0,1.0,0.0,0.0,1.0,0.0,0.0,0.0,0.0,0.0,0.0,0.0,0.0,0.0,1.0,0.0,0.0,0.0,0.0,0.0,0.0,0.0,0.0,0.0,0.0,1.0,0.0,0.0,1.0,0.0,1.0,0.0
0.6589497459062678,0.0012219897047367376,4.2558771030045534e-07,4.292115604203558e-08,7.613979454532886e-07,0.0,0.00046996161980104964,0.00014854236324494605,5.740433976808647e-05,3.8798306713184666e-05,0.7096774193548387,0.0,0.0,0.0,0.9310344827586207,0.0,0.0,0.0,1.0,0.002747969726277653,0.006001207343489223,1.5259021896696422e-05,0.0004577776421399579,0.0,0.0,0.0029105392156862746,0.0032519386557370742,3.201844262295082e-05,0.003070295294893022,0.0,0.0,0.0,1.0,0.0,0.0,0.0,0.0,0.0,0.0,1.0,0.0,0.0,0.0,0.0,0.0,0.0,0.0,0.0,0.0,0.0,0.0,0.0,0.0,1.0,0.0,0.0,1.0,0.0,0.0,1.0,0.0,0.0,1.0,0.0,0.0,1.0,0.0,0.0,1.0,0.0,0.0,0.0,1.0,0.0,0.0,0.0,0.0,0.0,1.0,0.0,0.0,1.0,0.0,0.0,1.0,0.0,0.0,0.0,0.0,0.0,1.0,0.0,0.0,0.0,0.0,1.0,0.0,0.0,0.0,0.0,0.0,0.0,0.0,0.0,0.0,0.0,1.0,0.0,0.0,0.0,1.0,0.0,0.0,1.0,0.0,0.0,0.0,0.0,0.0,0.0,0.0,0.0,0.0,1.0,0.0,0.0,0.0,0.0,0.0,0.0,0.0,0.0,0.0,0.0,1.0,0.0,0.0,1.0,0.0,1.0,0.0
0.8081096341965909,0.0003207722974933936,3.724125939689469e-05,2.2360123207527518e-08,5.493307324579096e-08,0.0,0.0014098848594031488,0.00031447058830706237,9.840743960243394e-05,9.525956570689432e-06,0.7096774193548387,0.0,0.0,0.0,0.9310344827586207,0.0,0.0,0.0,1.0,0.002747969726277653,0.006001207343489223,1.5259021896696422e-05,0.0004577776421399579,0.0,0.0,0.0026654411764705883,0.0005580249764282553,0.0008164702868852459,0.0026684241829960298,0.0,0.0,0.0,1.0,0.0,0.0,0.0,0.0,1.0,0.0,0.0,0.0,0.0,0.0,0.0,0.0,0.0,0.0,0.0,0.0,0.0,0.0,0.0,0.0,1.0,0.0,0.0,1.0,0.0,0.0,1.0,0.0,0.0,1.0,0.0,0.0,1.0,0.0,0.0,1.0,0.0,0.0,0.0,1.0,0.0,0.0,0.0,0.0,0.0,1.0,0.0,0.0,1.0,0.0,0.0,1.0,0.0,0.0,0.0,0.0,0.0,1.0,0.0,0.0,0.0,0.0,1.0,0.0,0.0,0.0,0.0,0.0,0.0,0.0,0.0,0.0,0.0,1.0,0.0,0.0,0.0,1.0,0.0,0.0,1.0,0.0,0.0,0.0,0.0,0.0,0.0,0.0,0.0,0.0,1.0,0.0,0.0,0.0,0.0,0.0,0.0,0.0,0.0,0.0,0.0,1.0,0.0,0.0,1.0,0.0,1.0,0.0
0.5136356005921224,0.0003207722974933936,0.0,0.0,0.0,0.0,7.832693663350827e-05,1.8300907175968715e-05,0.0,0.0,0.7096774193548387,0.0,0.0,0.0,0.9310344827586207,0.0,0.0,0.0,1.0,0.002747969726277653,0.006001207343489223,1.5259021896696422e-05,0.0004425183874019593,0.0,0.0,0.0029105392156862746,0.0032519386557370742,3.201844262295082e-05,0.0031506695172724207,0.0,0.0,0.0,1.0,0.0,1.0,0.0,0.0,0.0,0.0,0.0,0.0,0.0,0.0,0.0,0.0,0.0,0.0,0.0,0.0,1.0,0.0,0.0,0.0,0.0,0.0,0.0,1.0,0.0,0.0,1.0,0.0,0.0,1.0,0.0,0.0,1.0,0.0,0.0,1.0,0.0,0.0,0.0,1.0,0.0,0.0,0.0,0.0,0.0,1.0,0.0,0.0,1.0,0.0,0.0,1.0,0.0,0.0,0.0,0.0,0.0,1.0,0.0,0.0,0.0,0.0,1.0,0.0,0.0,0.0,0.0,0.0,0.0,0.0,0.0,0.0,0.0,1.0,0.0,0.0,0.0,1.0,0.0,0.0,1.0,0.0,0.0,0.0,0.0,0.0,0.0,0.0,0.0,0.0,1.0,0.0,0.0,0.0,0.0,0.0,0.0,0.0,0.0,0.0,0.0,1.0,0.0,0.0,1.0,0.0,1.0,0.0
0.6529674790544356,0.0003207722974933936,2.5532263862204572e-08,0.0,0.0,0.0,7.832693663350827e-05,1.8300907175968715e-05,8.200619966869496e-06,4.629869536179554e-07,0.7096774193548387,0.0,0.0,0.0,0.9310344827586207,0.0,0.0,0.0,1.0,0.002747969726277653,0.006001207343489223,1.5259021896696422e-05,0.0004425183874019593,0.0,0.0,0.0029105392156862746,0.0032519386557370742,3.201844262295082e-05,0.002459451204809594,0.0,0.0,0.0,1.0,0.0,1.0,0.0,0.0,0.0,0.0,0.0,0.0,0.0,0.0,0.0,1.0,0.0,0.0,0.0,0.0,0.0,0.0,0.0,0.0,0.0,0.0,0.0,1.0,0.0,0.0,1.0,0.0,0.0,1.0,0.0,0.0,1.0,0.0,0.0,1.0,0.0,0.0,0.0,1.0,0.0,0.0,0.0,0.0,0.0,1.0,0.0,0.0,1.0,0.0,0.0,1.0,0.0,0.0,0.0,0.0,0.0,1.0,0.0,0.0,0.0,0.0,1.0,0.0,0.0,0.0,0.0,0.0,0.0,0.0,0.0,0.0,0.0,1.0,0.0,0.0,0.0,1.0,0.0,0.0,1.0,0.0,0.0,0.0,0.0,0.0,0.0,0.0,0.0,0.0,1.0,0.0,0.0,0.0,0.0,0.0,0.0,0.0,0.0,0.0,0.0,1.0,0.0,0.0,1.0,0.0,1.0,0.0
0.6529980008240879,0.0003207722974933936,3.320051089464521e-10,0.0,0.0,0.0,7.832693663350827e-05,1.8300907175968715e-05,8.200619966869496e-06,4.629869536179554e-07,0.7096774193548387,0.0,0.0,0.0,0.9310344827586207,0.0,0.0,0.0,1.0,0.002747969726277653,0.006001207343489223,1.5259021896696422e-05,0.0004425183874019593,0.0,0.0,0.0029105392156862746,0.0032519386557370742,3.201844262295082e-05,0.002459451204809594,0.0,0.0,0.0,1.0,0.0,1.0,0.0,0.0,0.0,0.0,0.0,0.0,0.0,0.0,0.0,1.0,0.0,0.0,0.0,0.0,0.0,0.0,0.0,0.0,0.0,0.0,0.0,1.0,0.0,0.0,1.0,0.0,0.0,1.0,0.0,0.0,1.0,0.0,0.0,1.0,0.0,0.0,0.0,1.0,0.0,0.0,0.0,0.0,0.0,1.0,0.0,0.0,1.0,0.0,0.0,1.0,0.0,0.0,0.0,0.0,0.0,1.0,0.0,0.0,0.0,0.0,1.0,0.0,0.0,0.0,0.0,0.0,0.0,0.0,0.0,0.0,0.0,1.0,0.0,0.0,0.0,1.0,0.0,0.0,1.0,0.0,0.0,0.0,0.0,0.0,0.0,0.0,0.0,0.0,1.0,0.0,0.0,0.0,0.0,0.0,0.0,0.0,0.0,0.0,0.0,1.0,0.0,0.0,1.0,0.0,1.0,0.0
0.8668945625467366,0.0012219897047367376,3.218843080446973e-07,3.983700111685937e-08,2.49881607601784e-07,0.0,0.00046996161980104964,0.0001265812746337836,3.2802479867477984e-05,1.3310874916516217e-05,0.7096774193548387,0.0,0.0,0.0,0.9310344827586207,0.0,0.0,0.0,1.0,0.002747969726277653,0.006001207343489223,1.5259021896696422e-05,0.0004425183874019593,0.0,0.0,0.0029105392156862746,0.0032519386557370742,3.201844262295082e-05,0.0031506695172724207,0.0,0.0,0.0,1.0,0.0,0.0,0.0,0.0,0.0,0.0,1.0,0.0,0.0,0.0,0.0,0.0,0.0,0.0,0.0,0.0,0.0,0.0,0.0,0.0,1.0,0.0,0.0,1.0,0.0,0.0,1.0,0.0,0.0,1.0,0.0,0.0,1.0,0.0,0.0,1.0,0.0,0.0,0.0,1.0,0.0,0.0,0.0,0.0,0.0,1.0,0.0,0.0,1.0,0.0,0.0,1.0,0.0,0.0,0.0,0.0,0.0,1.0,0.0,0.0,0.0,0.0,1.0,0.0,0.0,0.0,0.0,0.0,0.0,0.0,0.0,0.0,0.0,1.0,0.0,0.0,0.0,1.0,0.0,0.0,1.0,0.0,0.0,0.0,0.0,0.0,0.0,0.0,0.0,0.0,1.0,0.0,0.0,0.0,0.0,0.0,0.0,0.0,0.0,0.0,0.0,1.0,0.0,0.0,1.0,0.0,1.0,0.0
0.8669250843163888,0.0012219897047367376,2.957522930179444e-07,3.983700111685937e-08,2.49881607601784e-07,0.0,0.00039163468316754133,0.00011438066984980446,3.2802479867477984e-05,1.3310874916516217e-05,0.7096774193548387,0.0,0.0,0.0,0.9310344827586207,0.0,0.0,0.0,1.0,0.002747969726277653,0.006001207343489223,1.5259021896696422e-05,0.0004425183874019593,0.0,0.0,0.0029105392156862746,0.0032519386557370742,3.201844262295082e-05,0.0031506695172724207,0.0,0.0,0.0,1.0,0.0,0.0,0.0,0.0,0.0,0.0,1.0,0.0,0.0,0.0,0.0,0.0,0.0,0.0,0.0,0.0,0.0,0.0,0.0,0.0,1.0,0.0,0.0,1.0,0.0,0.0,1.0,0.0,0.0,1.0,0.0,0.0,1.0,0.0,0.0,1.0,0.0,0.0,0.0,1.0,0.0,0.0,0.0,0.0,0.0,1.0,0.0,0.0,1.0,0.0,0.0,1.0,0.0,0.0,0.0,0.0,0.0,1.0,0.0,0.0,0.0,0.0,1.0,0.0,0.0,0.0,0.0,0.0,0.0,0.0,0.0,0.0,0.0,1.0,0.0,0.0,0.0,1.0,0.0,0.0,1.0,0.0,0.0,0.0,0.0,0.0,0.0,0.0,0.0,0.0,1.0,0.0,0.0,0.0,0.0,0.0,0.0,0.0,0.0,0.0,0.0,1.0,0.0,0.0,1.0,0.0,1.0,0.0
0.8669556060860409,0.0012219897047367376,1.4766730458560265e-07,3.983700111685937e-08,2.49881607601784e-07,0.0,0.00039163468316754133,0.00011438066984980446,3.2802479867477984e-05,1.3310874916516217e-05,0.7096774193548387,0.0,0.0,0.0,0.9310344827586207,0.0,0.0,0.0,1.0,0.002747969726277653,0.006001207343489223,1.5259021896696422e-05,0.0004425183874019593,0.0,0.0,0.0029105392156862746,0.0032519386557370742,3.201844262295082e-05,0.0031506695172724207,0.0,0.0,0.0,1.0,0.0,0.0,0.0,0.0,0.0,0.0,1.0,0.0,0.0,0.0,0.0,0.0,0.0,0.0,0.0,0.0,0.0,0.0,0.0,0.0,1.0,0.0,0.0,1.0,0.0,0.0,1.0,0.0,0.0,1.0,0.0,0.0,1.0,0.0,0.0,1.0,0.0,0.0,0.0,1.0,0.0,0.0,0.0,0.0,0.0,1.0,0.0,0.0,1.0,0.0,0.0,1.0,0.0,0.0,0.0,0.0,0.0,1.0,0.0,0.0,0.0,0.0,1.0,0.0,0.0,0.0,0.0,0.0,0.0,0.0,0.0,0.0,0.0,1.0,0.0,0.0,0.0,1.0,0.0,0.0,1.0,0.0,0.0,0.0,0.0,0.0,0.0,0.0,0.0,0.0,1.0,0.0,0.0,0.0,0.0,0.0,0.0,0.0,0.0,0.0,0.0,1.0,0.0,0.0,1.0,0.0,1.0,0.0
0.8669861278556932,0.0012219897047367376,2.1693856409094626e-07,3.983700111685937e-08,2.49881607601784e-07,0.0,0.00039163468316754133,0.00011438066984980446,3.2802479867477984e-05,1.3310874916516217e-05,0.7096774193548387,0.0,0.0,0.0,0.9310344827586207,0.0,0.0,0.0,1.0,0.002747969726277653,0.006001207343489223,1.5259021896696422e-05,0.0004425183874019593,0.0,0.0,0.0029105392156862746,0.0032519386557370742,3.201844262295082e-05,0.0031506695172724207,0.0,0.0,0.0,1.0,0.0,0.0,0.0,0.0,0.0,0.0,1.0,0.0,0.0,0.0,0.0,0.0,0.0,0.0,0.0,0.0,0.0,0.0,0.0,0.0,1.0,0.0,0.0,1.0,0.0,0.0,1.0,0.0,0.0,1.0,0.0,0.0,1.0,0.0,0.0,1.0,0.0,0.0,0.0,1.0,0.0,0.0,0.0,0.0,0.0,1.0,0.0,0.0,1.0,0.0,0.0,1.0,0.0,0.0,0.0,0.0,0.0,1.0,0.0,0.0,0.0,0.0,1.0,0.0,0.0,0.0,0.0,0.0,0.0,0.0,0.0,0.0,0.0,1.0,0.0,0.0,0.0,1.0,0.0,0.0,1.0,0.0,0.0,0.0,0.0,0.0,0.0,0.0,0.0,0.0,1.0,0.0,0.0,0.0,0.0,0.0,0.0,0.0,0.0,0.0,0.0,1.0,0.0,0.0,1.0,0.0,1.0,0.0
0.8290628290628291,0.0008095681793880887,4.6127290459108685e-08,1.3878697163292941e-08,1.3797143978012614e-08,0.0,7.832693663350827e-05,2.501123980715724e-05,8.200619966869496e-06,9.491232549168086e-07,0.9032258064516129,3.0516646830846227e-05,0.00392156862745098,0.6000000000000001,0.9310344827586207,0.0,0.0,0.0,1.0,0.002747969726277653,0.006001207343489223,1.5259021896696422e-05,0.0004425183874019593,0.0,0.0,0.0029105392156862746,0.0032519386557370742,3.201844262295082e-05,3.214968895175939e-05,0.0,0.0,0.0,0.0,1.0,0.0,0.0,1.0,0.0,0.0,0.0,0.0,0.0,0.0,0.0,0.0,0.0,0.0,0.0,0.0,0.0,0.0,0.0,0.0,1.0,0.0,0.0,0.0,1.0,0.0,0.0,0.0,1.0,0.0,1.0,0.0,0.0,0.0,1.0,1.0,0.0,0.0,0.0,1.0,0.0,0.0,0.0,0.0,0.0,1.0,0.0,0.0,1.0,0.0,0.0,1.0,0.0,0.0,0.0,0.0,0.0,1.0,0.0,0.0,0.0,0.0,1.0,0.0,0.0,0.0,0.0,0.0,0.0,0.0,0.0,0.0,0.0,1.0,0.0,0.0,0.0,1.0,0.0,0.0,1.0,0.0,0.0,0.0,0.0,0.0,0.0,0.0,0.0,0.0,1.0,0.0,0.0,0.0,0.0,0.0,0.0,0.0,0.0,0.0,0.0,1.0,0.0,0.0,1.0,0.0,1.0,0.0
0.8304668304668306,0.0008095681793880887,3.641346356186894e-10,1.3878697163292941e-08,1.3797143978012614e-08,0.0,7.832693663350827e-05,2.501123980715724e-05,8.200619966869496e-06,9.491232549168086e-07,0.9032258064516129,3.0516646830846227e-05,0.00392156862745098,0.6000000000000001,0.9310344827586207,0.0,0.0,0.0,1.0,0.002747969726277653,0.006001207343489223,1.5259021896696422e-05,0.0004425183874019593,0.0,0.0,0.0029105392156862746,0.0032519386557370742,3.201844262295082e-05,3.214968895175939e-05,0.0,0.0,0.0,0.0,1.0,0.0,0.0,1.0,0.0,0.0,0.0,0.0,0.0,0.0,0.0,0.0,0.0,0.0,0.0,0.0,0.0,0.0,0.0,0.0,1.0,0.0,0.0,0.0,1.0,0.0,0.0,0.0,1.0,0.0,1.0,0.0,0.0,0.0,1.0,1.0,0.0,0.0,0.0,1.0,0.0,0.0,0.0,0.0,0.0,1.0,0.0,0.0,1.0,0.0,0.0,1.0,0.0,0.0,0.0,0.0,0.0,1.0,0.0,0.0,0.0,0.0,1.0,0.0,0.0,0.0,0.0,0.0,0.0,0.0,0.0,0.0,0.0,1.0,0.0,0.0,0.0,1.0,0.0,0.0,1.0,0.0,0.0,0.0,0.0,0.0,0.0,0.0,0.0,0.0,1.0,0.0,0.0,0.0,0.0,0.0,0.0,0.0,0.0,0.0,0.0,1.0,0.0,0.0,1.0,0.0,1.0,0.0
0.8380514902254034,0.0008095681793880887,2.2362150563877162e-08,1.4906748805018344e-08,1.4819154643050585e-08,0.0,7.832693663350827e-05,2.6231300285555156e-05,8.200619966869496e-06,9.954219502786042e-07,0.3870967741935484,3.0516646830846227e-05,0.00392156862745098,0.6000000000000001,0.9310344827586207,0.0,0.0,0.0,1.0,0.002747969726277653,0.006001207343489223,1.5259021896696422e-05,0.0004425183874019593,0.0,0.0,0.0029105392156862746,0.0032519386557370742,3.201844262295082e-05,3.214968895175939e-05,0.0,0.0,0.0,0.0,1.0,0.0,0.0,1.0,0.0,0.0,0.0,0.0,0.0,0.0,0.0,0.0,0.0,0.0,0.0,0.0,0.0,0.0,0.0,0.0,1.0,0.0,0.0,0.0,1.0,0.0,0.0,0.0,1.0,0.0,1.0,0.0,0.0,0.0,1.0,1.0,0.0,0.0,0.0,1.0,0.0,0.0,0.0,0.0,0.0,1.0,0.0,0.0,1.0,0.0,0.0,1.0,0.0,0.0,0.0,0.0,0.0,1.0,0.0,0.0,0.0,0.0,1.0,0.0,0.0,0.0,0.0,0.0,0.0,0.0,0.0,0.0,0.0,1.0,0.0,0.0,0.0,1.0,0.0,0.0,1.0,0.0,0.0,0.0,0.0,0.0,0.0,0.0,0.0,0.0,1.0,0.0,0.0,0.0,0.0,0.0,0.0,0.0,0.0,0.0,0.0,1.0,0.0,0.0,1.0,0.0,1.0,0.0
0.83994383994384,0.0008095681793880887,2.14196844481582e-11,1.3878697163292941e-08,1.3797143978012614e-08,0.0,7.832693663350827e-05,2.501123980715724e-05,8.200619966869496e-06,9.491232549168086e-07,0.9032258064516129,3.0516646830846227e-05,0.00392156862745098,0.6000000000000001,0.9310344827586207,0.0,0.0,0.0,1.0,0.002747969726277653,0.006001207343489223,1.5259021896696422e-05,0.0004425183874019593,0.0,0.0,0.0029105392156862746,0.0032519386557370742,3.201844262295082e-05,3.214968895175939e-05,0.0,0.0,0.0,0.0,1.0,0.0,0.0,1.0,0.0,0.0,0.0,0.0,0.0,0.0,0.0,0.0,0.0,0.0,0.0,0.0,0.0,0.0,0.0,0.0,1.0,0.0,0.0,0.0,1.0,0.0,0.0,0.0,1.0,0.0,1.0,0.0,0.0,0.0,1.0,1.0,0.0,0.0,0.0,1.0,0.0,0.0,0.0,0.0,0.0,1.0,0.0,0.0,1.0,0.0,0.0,1.0,0.0,0.0,0.0,0.0,0.0,1.0,0.0,0.0,0.0,0.0,1.0,0.0,0.0,0.0,0.0,0.0,0.0,0.0,0.0,0.0,0.0,1.0,0.0,0.0,0.0,1.0,0.0,0.0,1.0,0.0,0.0,0.0,0.0,0.0,0.0,0.0,0.0,0.0,1.0,0.0,0.0,0.0,0.0,0.0,0.0,0.0,0.0,0.0,0.0,1.0,0.0,0.0,1.0,0.0,1.0,0.0
0.8439116699986267,0.0008095681793880887,2.4793284748743115e-08,1.4906748805018344e-08,1.4819154643050585e-08,0.0,7.832693663350827e-05,2.6231300285555156e-05,8.200619966869496e-06,9.954219502786042e-07,0.3870967741935484,3.0516646830846227e-05,0.00392156862745098,0.6000000000000001,0.9310344827586207,0.0,0.0,0.0,1.0,0.002747969726277653,0.006001207343489223,1.5259021896696422e-05,0.0004425183874019593,0.0,0.0,0.0029105392156862746,0.0032519386557370742,3.201844262295082e-05,3.214968895175939e-05,0.0,0.0,0.0,0.0,1.0,0.0,0.0,1.0,0.0,0.0,0.0,0.0,0.0,0.0,0.0,0.0,0.0,0.0,0.0,0.0,0.0,0.0,0.0,0.0,1.0,0.0,0.0,0.0,1.0,0.0,0.0,0.0,1.0,0.0,1.0,0.0,0.0,0.0,1.0,1.0,0.0,0.0,0.0,1.0,0.0,0.0,0.0,0.0,0.0,1.0,0.0,0.0,1.0,0.0,0.0,1.0,0.0,0.0,0.0,0.0,0.0,1.0,0.0,0.0,0.0,0.0,1.0,0.0,0.0,0.0,0.0,0.0,0.0,0.0,0.0,0.0,0.0,1.0,0.0,0.0,0.0,1.0,0.0,0.0,1.0,0.0,0.0,0.0,0.0,0.0,0.0,0.0,0.0,0.0,1.0,0.0,0.0,0.0,0.0,0.0,0.0,0.0,0.0,0.0,0.0,1.0,0.0,0.0,1.0,0.0,1.0,0.0
0.8522746348833307,0.0008095681793880887,4.110437445601559e-08,1.4906748805018344e-08,1.4819154643050585e-08,0.0,7.832693663350827e-05,2.6231300285555156e-05,8.200619966869496e-06,9.954219502786042e-07,0.3870967741935484,3.0516646830846227e-05,0.00392156862745098,0.6000000000000001,0.9310344827586207,0.0,0.0,0.0,1.0,0.002747969726277653,0.006001207343489223,1.5259021896696422e-05,0.0004425183874019593,0.0,0.0,0.0029105392156862746,0.0032519386557370742,3.201844262295082e-05,3.214968895175939e-05,0.0,0.0,0.0,0.0,1.0,0.0,0.0,1.0,0.0,0.0,0.0,0.0,0.0,0.0,0.0,0.0,0.0,0.0,0.0,0.0,0.0,0.0,0.0,0.0,1.0,0.0,0.0,0.0,1.0,0.0,0.0,0.0,1.0,0.0,1.0,0.0,0.0,0.0,1.0,1.0,0.0,0.0,0.0,1.0,0.0,0.0,0.0,0.0,0.0,1.0,0.0,0.0,1.0,0.0,0.0,1.0,0.0,0.0,0.0,0.0,0.0,1.0,0.0,0.0,0.0,0.0,1.0,0.0,0.0,0.0,0.0,0.0,0.0,0.0,0.0,0.0,0.0,1.0,0.0,0.0,0.0,1.0,0.0,0.0,1.0,0.0,0.0,0.0,0.0,0.0,0.0,0.0,0.0,0.0,1.0,0.0,0.0,0.0,0.0,0.0,0.0,0.0,0.0,0.0,0.0,1.0,0.0,0.0,1.0,0.0,1.0,0.0
0.8573717704152488,0.0008095681793880887,2.4664766642054168e-08,1.3878697163292941e-08,1.3797143978012614e-08,0.0,7.832693663350827e-05,2.501123980715724e-05,8.200619966869496e-06,9.491232549168086e-07,0.9032258064516129,3.0516646830846227e-05,0.00392156862745098,0.6000000000000001,0.9310344827586207,0.0,0.0,0.0,1.0,0.002747969726277653,0.006001207343489223,1.5259021896696422e-05,0.0004425183874019593,0.0,0.0,0.0029105392156862746,0.0032519386557370742,3.201844262295082e-05,3.214968895175939e-05,0.0,0.0,0.0,0.0,1.0,0.0,0.0,1.0,0.0,0.0,0.0,0.0,0.0,0.0,0.0,0.0,0.0,0.0,0.0,0.0,0.0,0.0,0.0,0.0,1.0,0.0,0.0,0.0,1.0,0.0,0.0,0.0,1.0,0.0,1.0,0.0,0.0,0.0,1.0,1.0,0.0,0.0,0.0,1.0,0.0,0.0,0.0,0.0,0.0,1.0,0.0,0.0,1.0,0.0,0.0,1.0,0.0,0.0,0.0,0.0,0.0,1.0,0.0,0.0,0.0,0.0,1.0,0.0,0.0,0.0,0.0,0.0,0.0,0.0,0.0,0.0,0.0,1.0,0.0,0.0,0.0,1.0,0.0,0.0,1.0,0.0,0.0,0.0,0.0,0.0,0.0,0.0,0.0,0.0,1.0,0.0,0.0,0.0,0.0,0.0,0.0,0.0,0.0,0.0,0.0,1.0,0.0,0.0,1.0,0.0,1.0,0.0
0.8630182978009067,0.0008095681793880887,3.4828406912705234e-08,1.4906748805018344e-08,1.4819154643050585e-08,0.0,7.832693663350827e-05,2.6231300285555156e-05,8.200619966869496e-06,9.954219502786042e-07,0.3870967741935484,3.0516646830846227e-05,0.00392156862745098,0.6000000000000001,0.9310344827586207,0.0,0.0,0.0,1.0,0.002747969726277653,0.006001207343489223,1.5259021896696422e-05,0.0004425183874019593,0.0,0.0,0.0029105392156862746,0.0032519386557370742,3.201844262295082e-05,3.214968895175939e-05,0.0,0.0,0.0,0.0,1.0,0.0,0.0,1.0,0.0,0.0,0.0,0.0,0.0,0.0,0.0,0.0,0.0,0.0,0.0,0.0,0.0,0.0,0.0,0.0,1.0,0.0,0.0,0.0,1.0,0.0,0.0,0.0,1.0,0.0,1.0,0.0,0.0,0.0,1.0,1.0,0.0,0.0,0.0,1.0,0.0,0.0,0.0,0.0,0.0,1.0,0.0,0.0,1.0,0.0,0.0,1.0,0.0,0.0,0.0,0.0,0.0,1.0,0.0,0.0,0.0,0.0,1.0,0.0,0.0,0.0,0.0,0.0,0.0,0.0,0.0,0.0,0.0,1.0,0.0,0.0,0.0,1.0,0.0,0.0,1.0,0.0,0.0,0.0,0.0,0.0,0.0,0.0,0.0,0.0,1.0,0.0,0.0,0.0,0.0,0.0,0.0,0.0,0.0,0.0,0.0,1.0,0.0,0.0,1.0,0.0,1.0,0.0
0.8762037022906589,0.0008095681793880887,1.367646852014901e-08,1.3878697163292941e-08,1.3797143978012614e-08,0.0,7.832693663350827e-05,2.501123980715724e-05,8.200619966869496e-06,9.491232549168086e-07,0.9032258064516129,3.0516646830846227e-05,0.00392156862745098,0.6000000000000001,0.9310344827586207,0.0,0.0,0.0,1.0,0.002747969726277653,0.006001207343489223,1.5259021896696422e-05,0.0004425183874019593,0.0,0.0,0.0029105392156862746,0.0032519386557370742,3.201844262295082e-05,3.214968895175939e-05,0.0,0.0,0.0,0.0,1.0,0.0,0.0,1.0,0.0,0.0,0.0,0.0,0.0,0.0,0.0,0.0,0.0,0.0,0.0,0.0,0.0,0.0,0.0,0.0,1.0,0.0,0.0,0.0,1.0,0.0,0.0,0.0,1.0,0.0,1.0,0.0,0.0,0.0,1.0,1.0,0.0,0.0,0.0,1.0,0.0,0.0,0.0,0.0,0.0,1.0,0.0,0.0,1.0,0.0,0.0,1.0,0.0,0.0,0.0,0.0,0.0,1.0,0.0,0.0,0.0,0.0,1.0,0.0,0.0,0.0,0.0,0.0,0.0,0.0,0.0,0.0,0.0,1.0,0.0,0.0,0.0,1.0,0.0,0.0,1.0,0.0,0.0,0.0,0.0,0.0,0.0,0.0,0.0,0.0,1.0,0.0,0.0,0.0,0.0,0.0,0.0,0.0,0.0,0.0,0.0,1.0,0.0,0.0,1.0,0.0,1.0,0.0
0.8808887939322723,0.0008095681793880887,1.499377911371074e-10,1.9018955371919957e-08,2.2995239963354356e-08,0.0,0.00015665387326701654,3.9651965547932214e-05,1.6401239933738992e-05,1.6899023807055372e-06,0.0967741935483871,3.0516646830846227e-05,0.00392156862745098,0.0,0.9310344827586207,0.0,0.0,0.0,1.0,0.002747969726277653,0.006001207343489223,1.5259021896696422e-05,0.0004425183874019593,0.0,0.0,0.0029105392156862746,0.0032519386557370742,3.201844262295082e-05,3.214968895175939e-05,0.0,0.0,0.0,0.0,1.0,0.0,0.0,1.0,0.0,0.0,0.0,0.0,0.0,0.0,0.0,0.0,0.0,0.0,0.0,0.0,0.0,0.0,0.0,0.0,1.0,0.0,0.0,0.0,1.0,0.0,0.0,0.0,1.0,0.0,0.0,1.0,0.0,1.0,0.0,1.0,0.0,0.0,0.0,1.0,0.0,0.0,0.0,0.0,0.0,1.0,0.0,0.0,1.0,0.0,0.0,1.0,0.0,0.0,0.0,0.0,0.0,1.0,0.0,0.0,0.0,0.0,1.0,0.0,0.0,0.0,0.0,0.0,0.0,0.0,0.0,0.0,0.0,1.0,0.0,0.0,0.0,1.0,0.0,0.0,1.0,0.0,0.0,0.0,0.0,0.0,0.0,0.0,0.0,0.0,1.0,0.0,0.0,0.0,0.0,0.0,0.0,0.0,0.0,0.0,0.0,1.0,0.0,0.0,1.0,0.0,1.0,0.0
0.8808887939322723,0.0008095681793880887,1.499377911371074e-10,1.9018955371919957e-08,2.2995239963354356e-08,0.0,0.00015665387326701654,3.9651965547932214e-05,1.6401239933738992e-05,1.6899023807055372e-06,0.0967741935483871,3.0516646830846227e-05,0.10980392156862745,0.0,0.9310344827586207,0.0,0.0,0.0,1.0,0.002747969726277653,0.006001207343489223,1.5259021896696422e-05,0.0004425183874019593,0.0,0.0,0.0029105392156862746,0.0032519386557370742,3.201844262295082e-05,3.214968895175939e-05,0.0,0.0,0.0,0.0,1.0,0.0,0.0,1.0,0.0,0.0,0.0,0.0,0.0,0.0,0.0,0.0,0.0,0.0,0.0,0.0,0.0,0.0,0.0,0.0,1.0,0.0,0.0,0.0,1.0,0.0,0.0,0.0,1.0,0.0,1.0,0.0,0.0,0.0,1.0,1.0,0.0,0.0,0.0,1.0,0.0,0.0,0.0,0.0,0.0,1.0,0.0,0.0,1.0,0.0,0.0,1.0,0.0,0.0,0.0,0.0,0.0,1.0,0.0,0.0,0.0,0.0,1.0,0.0,0.0,0.0,0.0,0.0,0.0,0.0,0.0,0.0,0.0,1.0,0.0,0.0,0.0,1.0,0.0,0.0,1.0,0.0,0.0,0.0,0.0,0.0,0.0,0.0,0.0,0.0,1.0,0.0,0.0,0.0,0.0,0.0,0.0,0.0,0.0,0.0,0.0,1.0,0.0,0.0,1.0,0.0,1.0,0.0
0.891006760571978,0.006766767989979685,0.0009727030847520967,0.0,0.0,0.0,0.00015665387326701654,3.41616933951416e-05,1.6401239933738992e-05,1.2963634701302752e-06,0.7096774193548387,0.0,0.0,0.0,0.9310344827586207,0.0,0.0,0.0,1.0,0.002747969726277653,0.006001207343489223,1.5259021896696422e-05,0.0004425183874019593,0.0,0.0,0.0029105392156862746,0.0032519386557370742,3.201844262295082e-05,0.002973846228037744,0.0,0.0,0.0,1.0,0.0,1.0,0.0,0.0,0.0,0.0,0.0,0.0,0.0,0.0,0.0,0.0,0.0,0.0,0.0,0.0,0.0,0.0,0.0,1.0,0.0,0.0,0.0,1.0,0.0,0.0,1.0,0.0,0.0,1.0,0.0,0.0,1.0,0.0,0.0,1.0,0.0,0.0,0.0,1.0,0.0,0.0,0.0,0.0,0.0,1.0,0.0,0.0,1.0,0.0,0.0,1.0,0.0,0.0,0.0,0.0,0.0,1.0,0.0,0.0,0.0,0.0,1.0,0.0,0.0,0.0,0.0,0.0,0.0,0.0,0.0,0.0,0.0,1.0,0.0,0.0,0.0,1.0,0.0,0.0,1.0,0.0,0.0,0.0,0.0,0.0,0.0,0.0,0.0,0.0,1.0,0.0,0.0,0.0,0.0,0.0,0.0,0.0,0.0,0.0,0.0,1.0,0.0,0.0,1.0,0.0,1.0,0.0
0.8910372823416303,0.006766767989979685,0.0009729616953122815,0.0,2.5550266625949284e-10,5.392210386776964e-10,0.00023498080990052482,5.002247961431448e-05,8.200619966869496e-06,6.944804304269331e-07,0.7096774193548387,0.0,0.0,0.0,0.9310344827586207,0.0,0.0,0.0,1.0,0.002747969726277653,0.006001207343489223,1.5259021896696422e-05,0.0004425183874019593,0.0,0.0,0.0029105392156862746,0.0032519386557370742,3.201844262295082e-05,0.002973846228037744,0.0,0.0,0.0,1.0,0.0,1.0,0.0,0.0,0.0,0.0,0.0,0.0,0.0,0.0,0.0,0.0,0.0,0.0,0.0,0.0,0.0,1.0,0.0,0.0,0.0,0.0,0.0,1.0,0.0,0.0,1.0,0.0,0.0,1.0,0.0,0.0,1.0,0.0,0.0,1.0,0.0,0.0,0.0,1.0,0.0,0.0,0.0,0.0,0.0,1.0,0.0,0.0,1.0,0.0,0.0,1.0,0.0,0.0,0.0,0.0,0.0,1.0,0.0,0.0,0.0,0.0,1.0,0.0,0.0,0.0,0.0,0.0,0.0,0.0,0.0,0.0,0.0,1.0,0.0,0.0,0.0,1.0,0.0,0.0,1.0,0.0,0.0,0.0,0.0,0.0,0.0,0.0,0.0,0.0,1.0,0.0,0.0,0.0,0.0,0.0,0.0,0.0,0.0,0.0,0.0,1.0,0.0,0.0,1.0,0.0,1.0,0.0
0.8910678041112825,0.006766767989979685,1.7778338091971307e-09,0.0,0.0,0.0,0.00015665387326701654,3.41616933951416e-05,8.200619966869496e-06,6.944804304269331e-07,0.7096774193548387,0.0,0.0,0.0,0.9310344827586207,0.0,0.0,0.0,1.0,0.002747969726277653,0.006001207343489223,1.5259021896696422e-05,0.0004425183874019593,0.0,0.0,0.0029105392156862746,0.0032519386557370742,3.201844262295082e-05,0.002973846228037744,0.0,0.0,0.0,1.0,0.0,1.0,0.0,0.0,0.0,0.0,0.0,0.0,0.0,0.0,0.0,0.0,0.0,0.0,0.0,0.0,0.0,1.0,0.0,0.0,0.0,0.0,0.0,1.0,0.0,0.0,1.0,0.0,0.0,1.0,0.0,0.0,1.0,0.0,0.0,1.0,0.0,0.0,0.0,1.0,0.0,0.0,0.0,0.0,0.0,1.0,0.0,0.0,1.0,0.0,0.0,1.0,0.0,0.0,0.0,0.0,0.0,1.0,0.0,0.0,0.0,0.0,1.0,0.0,0.0,0.0,0.0,0.0,0.0,0.0,0.0,0.0,0.0,1.0,0.0,0.0,0.0,1.0,0.0,0.0,1.0,0.0,0.0,0.0,0.0,0.0,0.0,0.0,0.0,0.0,1.0,0.0,0.0,0.0,0.0,0.0,0.0,0.0,0.0,0.0,0.0,1.0,0.0,0.0,1.0,0.0,1.0,0.0
0.8910983258809347,0.006766767989979685,0.0009729485650457148,0.0,2.5550266625949284e-10,5.392210386776964e-10,0.00023498080990052482,5.002247961431448e-05,8.200619966869496e-06,6.944804304269331e-07,0.7096774193548387,0.0,0.0,0.0,0.9310344827586207,0.0,0.0,0.0,1.0,0.002747969726277653,0.006001207343489223,1.5259021896696422e-05,0.0004425183874019593,0.0,0.0,0.0029105392156862746,0.0032519386557370742,3.201844262295082e-05,0.002973846228037744,0.0,0.0,0.0,1.0,0.0,1.0,0.0,0.0,0.0,0.0,0.0,0.0,0.0,0.0,0.0,0.0,0.0,0.0,0.0,0.0,0.0,1.0,0.0,0.0,0.0,0.0,0.0,1.0,0.0,0.0,1.0,0.0,0.0,1.0,0.0,0.0,1.0,0.0,0.0,1.0,0.0,0.0,0.0,1.0,0.0,0.0,0.0,0.0,0.0,1.0,0.0,0.0,1.0,0.0,0.0,1.0,0.0,0.0,0.0,0.0,0.0,1.0,0.0,0.0,0.0,0.0,1.0,0.0,0.0,0.0,0.0,0.0,0.0,0.0,0.0,0.0,0.0,1.0,0.0,0.0,0.0,1.0,0.0,0.0,1.0,0.0,0.0,0.0,0.0,0.0,0.0,0.0,0.0,0.0,1.0,0.0,0.0,0.0,0.0,0.0,0.0,0.0,0.0,0.0,0.0,1.0,0.0,0.0,1.0,0.0,1.0,0.0
0.8911288476505869,0.006766767989979685,0.000972939354581402,0.0,2.5550266625949284e-10,5.392210386776964e-10,0.0003133077465340331,6.83233867902832e-05,8.200619966869496e-06,6.944804304269331e-07,0.7096774193548387,0.0,0.0,0.0,0.9310344827586207,0.0,0.0,0.0,1.0,0.002747969726277653,0.006001207343489223,1.5259021896696422e-05,0.0004425183874019593,0.0,0.0,0.0029105392156862746,0.0032519386557370742,3.201844262295082e-05,0.002973846228037744,0.0,0.0,0.0,1.0,0.0,1.0,0.0,0.0,0.0,0.0,0.0,0.0,0.0,0.0,0.0,0.0,0.0,0.0,0.0,0.0,0.0,1.0,0.0,0.0,0.0,0.0,0.0,1.0,0.0,0.0,1.0,0.0,0.0,1.0,0.0,0.0,1.0,0.0,0.0,1.0,0.0,0.0,0.0,1.0,0.0,0.0,0.0,0.0,0.0,1.0,0.0,0.0,1.0,0.0,0.0,1.0,0.0,0.0,0.0,0.0,0.0,1.0,0.0,0.0,0.0,0.0,1.0,0.0,0.0,0.0,0.0,0.0,0.0,0.0,0.0,0.0,0.0,1.0,0.0,0.0,0.0,1.0,0.0,0.0,1.0,0.0,0.0,0.0,0.0,0.0,0.0,0.0,0.0,0.0,1.0,0.0,0.0,0.0,0.0,0.0,0.0,0.0,0.0,0.0,0.0,1.0,0.0,0.0,1.0,0.0,1.0,0.0
0.8922428922428923,0.0008095681793880887,2.2415699774997557e-08,1.3878697163292941e-08,1.3797143978012614e-08,0.0,7.832693663350827e-05,2.501123980715724e-05,8.200619966869496e-06,9.491232549168086e-07,0.9032258064516129,3.0516646830846227e-05,0.00392156862745098,0.6000000000000001,0.9310344827586207,0.0,0.0,0.0,1.0,0.002747969726277653,0.006001207343489223,1.5259021896696422e-05,0.0004425183874019593,0.0,0.0,0.0029105392156862746,0.0032519386557370742,3.201844262295082e-05,3.214968895175939e-05,0.0,0.0,0.0,0.0,1.0,0.0,0.0,1.0,0.0,0.0,0.0,0.0,0.0,0.0,0.0,0.0,0.0,0.0,0.0,0.0,0.0,0.0,0.0,0.0,1.0,0.0,0.0,0.0,1.0,0.0,0.0,0.0,1.0,0.0,1.0,0.0,0.0,0.0,1.0,1.0,0.0,0.0,0.0,1.0,0.0,0.0,0.0,0.0,0.0,1.0,0.0,0.0,1.0,0.0,0.0,1.0,0.0,0.0,0.0,0.0,0.0,1.0,0.0,0.0,0.0,0.0,1.0,0.0,0.0,0.0,0.0,0.0,0.0,0.0,0.0,0.0,0.0,1.0,0.0,0.0,0.0,1.0,0.0,0.0,1.0,0.0,0.0,0.0,0.0,0.0,0.0,0.0,0.0,0.0,1.0,0.0,0.0,0.0,0.0,0.0,0.0,0.0,0.0,0.0,0.0,1.0,0.0,0.0,1.0,0.0,1.0,0.0
0.893082240908328,0.0008095681793880887,3.0212464914127143e-08,1.3878697163292941e-08,1.3797143978012614e-08,0.0,7.832693663350827e-05,2.501123980715724e-05,8.200619966869496e-06,9.491232549168086e-07,0.9032258064516129,3.0516646830846227e-05,0.00392156862745098,0.6000000000000001,0.9310344827586207,0.0,0.0,0.0,1.0,0.002747969726277653,0.006001207343489223,1.5259021896696422e-05,0.0004425183874019593,0.0,0.0,0.0029105392156862746,0.0032519386557370742,3.201844262295082e-05,3.214968895175939e-05,0.0,0.0,0.0,0.0,1.0,0.0,0.0,1.0,0.0,0.0,0.0,0.0,0.0,0.0,0.0,0.0,0.0,0.0,0.0,0.0,0.0,0.0,0.0,0.0,1.0,0.0,0.0,0.0,1.0,0.0,0.0,0.0,1.0,0.0,1.0,0.0,0.0,0.0,1.0,1.0,0.0,0.0,0.0,1.0,0.0,0.0,0.0,0.0,0.0,1.0,0.0,0.0,1.0,0.0,0.0,1.0,0.0,0.0,0.0,0.0,0.0,1.0,0.0,0.0,0.0,0.0,1.0,0.0,0.0,0.0,0.0,0.0,0.0,0.0,0.0,0.0,0.0,1.0,0.0,0.0,0.0,1.0,0.0,0.0,1.0,0.0,0.0,0.0,0.0,0.0,0.0,0.0,0.0,0.0,1.0,0.0,0.0,0.0,0.0,0.0,0.0,0.0,0.0,0.0,0.0,1.0,0.0,0.0,1.0,0.0,1.0,0.0
0.8977368107802891,0.0008095681793880887,1.285181066889492e-10,1.4906748805018344e-08,1.4819154643050585e-08,0.0,7.832693663350827e-05,2.6231300285555156e-05,8.200619966869496e-06,9.954219502786042e-07,0.3870967741935484,3.0516646830846227e-05,0.00392156862745098,0.6000000000000001,0.9310344827586207,0.0,0.0,0.0,1.0,0.002747969726277653,0.006001207343489223,1.5259021896696422e-05,0.0004425183874019593,0.0,0.0,0.0029105392156862746,0.0032519386557370742,3.201844262295082e-05,3.214968895175939e-05,0.0,0.0,0.0,0.0,1.0,0.0,0.0,1.0,0.0,0.0,0.0,0.0,0.0,0.0,0.0,0.0,0.0,0.0,0.0,0.0,0.0,0.0,0.0,0.0,1.0,0.0,0.0,0.0,1.0,0.0,0.0,0.0,1.0,0.0,1.0,0.0,0.0,0.0,1.0,1.0,0.0,0.0,0.0,1.0,0.0,0.0,0.0,0.0,0.0,1.0,0.0,0.0,1.0,0.0,0.0,1.0,0.0,0.0,0.0,0.0,0.0,1.0,0.0,0.0,0.0,0.0,1.0,0.0,0.0,0.0,0.0,0.0,0.0,0.0,0.0,0.0,0.0,1.0,0.0,0.0,0.0,1.0,0.0,0.0,1.0,0.0,0.0,0.0,0.0,0.0,0.0,0.0,0.0,0.0,1.0,0.0,0.0,0.0,0.0,0.0,0.0,0.0,0.0,0.0,0.0,1.0,0.0,0.0,1.0,0.0,1.0,0.0
0.8995986387290736,0.0008095681793880887,2.6035626446736293e-08,1.3878697163292941e-08,1.3797143978012614e-08,0.0,7.832693663350827e-05,2.501123980715724e-05,8.200619966869496e-06,9.491232549168086e-07,0.9032258064516129,3.0516646830846227e-05,0.00392156862745098,0.6000000000000001,0.9310344827586207,0.0,0.0,0.0,1.0,0.002747969726277653,0.006001207343489223,1.5259021896696422e-05,0.0004425183874019593,0.0,0.0,0.0029105392156862746,0.0032519386557370742,3.201844262295082e-05,3.214968895175939e-05,0.0,0.0,0.0,0.0,1.0,0.0,0.0,1.0,0.0,0.0,0.0,0.0,0.0,0.0,0.0,0.0,0.0,0.0,0.0,0.0,0.0,0.0,0.0,0.0,1.0,0.0,0.0,0.0,1.0,0.0,0.0,0.0,1.0,0.0,1.0,0.0,0.0,0.0,1.0,1.0,0.0,0.0,0.0,1.0,0.0,0.0,0.0,0.0,0.0,1.0,0.0,0.0,1.0,0.0,0.0,1.0,0.0,0.0,0.0,0.0,0.0,1.0,0.0,0.0,0.0,0.0,1.0,0.0,0.0,0.0,0.0,0.0,0.0,0.0,0.0,0.0,0.0,1.0,0.0,0.0,0.0,1.0,0.0,0.0,1.0,0.0,0.0,0.0,0.0,0.0,0.0,0.0,0.0,0.0,1.0,0.0,0.0,0.0,0.0,0.0,0.0,0.0,0.0,0.0,0.0,1.0,0.0,0.0,1.0,0.0,1.0,0.0
0.8423550597463642,0.0008095681793880887,1.095616859523292e-08,0.0,5.4166565247012484e-08,0.0,0.0,0.0,1.6401239933738992e-05,3.102012589240301e-06,0.7096774193548387,0.0,0.0,0.0,0.9310344827586207,0.0,0.0,0.0,1.0,0.002440934002671211,0.0006391818472355385,0.0,6.103701895199438e-05,0.0,0.0,0.0029105392156862746,0.0032519386557370742,3.201844262295082e-05,0.003070295294893022,0.0,0.0,0.0,0.0,1.0,0.0,0.0,1.0,0.0,0.0,0.0,0.0,0.0,0.0,0.0,0.0,0.0,0.0,0.0,0.0,0.0,0.0,0.0,0.0,0.0,0.0,1.0,1.0,0.0,0.0,1.0,0.0,0.0,1.0,0.0,0.0,1.0,0.0,0.0,1.0,0.0,0.0,0.0,1.0,0.0,0.0,0.0,0.0,0.0,1.0,0.0,0.0,1.0,0.0,0.0,1.0,0.0,0.0,0.0,0.0,0.0,1.0,0.0,0.0,0.0,0.0,1.0,0.0,0.0,0.0,0.0,0.0,0.0,0.0,0.0,0.0,0.0,1.0,0.0,0.0,0.0,1.0,0.0,0.0,1.0,0.0,0.0,0.0,0.0,0.0,0.0,0.0,0.0,0.0,1.0,0.0,0.0,0.0,0.0,0.0,0.0,0.0,0.0,0.0,0.0,1.0,0.0,0.0,1.0,0.0,1.0,0.0
0.6229645794863187,0.0008095681793880887,5.579827798745211e-09,1.0537529327685381e-08,2.2739737297094863e-08,0.0,7.832693663350827e-05,2.104604325236402e-05,8.200619966869496e-06,1.3542368393325195e-06,0.22580645161290322,3.0516646830846227e-05,0.00392156862745098,0.6000000000000001,0.9310344827586207,0.0,0.0,0.0,1.0,0.002747969726277653,0.006001207343489223,1.5259021896696422e-05,0.0027314065981017487,0.0,0.0,0.0029105392156862746,0.0032519386557370742,3.201844262295082e-05,0.003070295294893022,0.0,0.0,0.0,0.0,1.0,0.0,0.0,1.0,0.0,0.0,0.0,0.0,0.0,0.0,0.0,0.0,0.0,0.0,0.0,0.0,0.0,0.0,0.0,0.0,1.0,0.0,0.0,0.0,1.0,0.0,0.0,0.0,1.0,0.0,1.0,0.0,0.0,1.0,0.0,1.0,0.0,0.0,0.0,1.0,0.0,0.0,0.0,0.0,0.0,1.0,0.0,0.0,1.0,0.0,0.0,1.0,0.0,0.0,0.0,0.0,0.0,1.0,0.0,0.0,0.0,0.0,1.0,0.0,0.0,0.0,0.0,0.0,0.0,0.0,0.0,0.0,0.0,1.0,0.0,0.0,0.0,1.0,0.0,0.0,1.0,0.0,0.0,0.0,0.0,0.0,0.0,0.0,0.0,0.0,1.0,0.0,0.0,0.0,0.0,0.0,0.0,0.0,0.0,0.0,0.0,1.0,0.0,0.0,1.0,0.0,1.0,0.0
0.8423550597463642,0.0008095681793880887,1.0206479639547382e-08,7.967400223371874e-09,2.7083282623506242e-08,0.0,7.832693663350827e-05,1.7995892056369236e-05,8.200619966869496e-06,1.5510062946201505e-06,0.3225806451612903,3.0516646830846227e-05,0.00392156862745098,0.6000000000000001,0.9310344827586207,0.0,0.0,0.0,1.0,0.002747969726277653,0.006001207343489223,1.5259021896696422e-05,0.0027314065981017487,0.0,0.0,0.0029105392156862746,0.0032519386557370742,3.201844262295082e-05,0.003070295294893022,0.0,0.0,0.0,0.0,1.0,0.0,0.0,1.0,0.0,0.0,0.0,0.0,0.0,0.0,0.0,0.0,0.0,0.0,0.0,0.0,0.0,0.0,0.0,0.0,1.0,0.0,0.0,0.0,1.0,0.0,0.0,0.0,1.0,0.0,1.0,0.0,0.0,1.0,0.0,1.0,0.0,0.0,0.0,1.0,0.0,0.0,0.0,0.0,0.0,1.0,0.0,0.0,1.0,0.0,0.0,1.0,0.0,0.0,0.0,0.0,0.0,1.0,0.0,0.0,0.0,0.0,1.0,0.0,0.0,0.0,0.0,0.0,0.0,0.0,0.0,0.0,0.0,1.0,0.0,0.0,0.0,1.0,0.0,0.0,1.0,0.0,0.0,0.0,0.0,0.0,0.0,0.0,0.0,0.0,1.0,0.0,0.0,0.0,0.0,0.0,0.0,0.0,0.0,0.0,0.0,1.0,0.0,0.0,1.0,0.0,1.0,0.0
0.6514719123414776,0.0008095681793880887,8.642842674831833e-09,0.0,4.547947459418973e-08,0.0,0.0,0.0,1.6401239933738992e-05,2.708473678665039e-06,0.7096774193548387,0.0,0.0,0.0,0.9310344827586207,0.0,0.0,0.0,1.0,0.002440934002671211,0.0006391818472355385,0.0,6.103701895199438e-05,0.0,0.0,0.0029105392156862746,0.0032519386557370742,3.201844262295082e-05,0.003070295294893022,0.0,0.0,0.0,0.0,1.0,0.0,0.0,1.0,0.0,0.0,0.0,0.0,0.0,0.0,0.0,0.0,0.0,0.0,0.0,0.0,0.0,0.0,0.0,0.0,0.0,0.0,1.0,1.0,0.0,0.0,1.0,0.0,0.0,1.0,0.0,0.0,1.0,0.0,0.0,1.0,0.0,0.0,0.0,1.0,0.0,0.0,0.0,0.0,0.0,1.0,0.0,0.0,1.0,0.0,0.0,1.0,0.0,0.0,0.0,0.0,0.0,1.0,0.0,0.0,0.0,0.0,1.0,0.0,0.0,0.0,0.0,0.0,0.0,0.0,0.0,0.0,0.0,1.0,0.0,0.0,0.0,1.0,0.0,0.0,1.0,0.0,0.0,0.0,0.0,0.0,0.0,0.0,0.0,0.0,1.0,0.0,0.0,0.0,0.0,0.0,0.0,0.0,0.0,0.0,0.0,1.0,0.0,0.0,1.0,0.0,1.0,0.0
0.7460588764936592,0.0008095681793880887,6.136739594397325e-09,0.0,5.4166565247012484e-08,0.0,0.0,0.0,1.6401239933738992e-05,3.102012589240301e-06,0.7096774193548387,0.0,0.0,0.0,0.9310344827586207,0.0,0.0,0.0,1.0,0.002440934002671211,0.0006391818472355385,0.0,6.103701895199438e-05,0.0,0.0,0.0029105392156862746,0.0032519386557370742,3.201844262295082e-05,0.003070295294893022,0.0,0.0,0.0,0.0,1.0,0.0,0.0,1.0,0.0,0.0,0.0,0.0,0.0,0.0,0.0,0.0,0.0,0.0,0.0,0.0,0.0,0.0,0.0,0.0,0.0,0.0,1.0,1.0,0.0,0.0,1.0,0.0,0.0,1.0,0.0,0.0,1.0,0.0,0.0,1.0,0.0,0.0,0.0,1.0,0.0,0.0,0.0,0.0,0.0,1.0,0.0,0.0,1.0,0.0,0.0,1.0,0.0,0.0,0.0,0.0,0.0,1.0,0.0,0.0,0.0,0.0,1.0,0.0,0.0,0.0,0.0,0.0,0.0,0.0,0.0,0.0,0.0,1.0,0.0,0.0,0.0,1.0,0.0,0.0,1.0,0.0,0.0,0.0,0.0,0.0,0.0,0.0,0.0,0.0,1.0,0.0,0.0,0.0,0.0,0.0,0.0,0.0,0.0,0.0,0.0,1.0,0.0,0.0,1.0,0.0,1.0,0.0
0.6514719123414776,0.0008095681793880887,7.882443876922218e-09,1.0537529327685381e-08,2.2739737297094863e-08,0.0,7.832693663350827e-05,2.104604325236402e-05,8.200619966869496e-06,1.3542368393325195e-06,0.22580645161290322,3.0516646830846227e-05,0.00392156862745098,0.6000000000000001,0.9310344827586207,0.0,0.0,0.0,1.0,0.002747969726277653,0.006001207343489223,1.5259021896696422e-05,0.0027314065981017487,0.0,0.0,0.0029105392156862746,0.0032519386557370742,3.201844262295082e-05,0.003070295294893022,0.0,0.0,0.0,0.0,1.0,0.0,0.0,1.0,0.0,0.0,0.0,0.0,0.0,0.0,0.0,0.0,0.0,0.0,0.0,0.0,0.0,0.0,0.0,0.0,1.0,0.0,0.0,0.0,1.0,0.0,0.0,0.0,1.0,0.0,1.0,0.0,0.0,1.0,0.0,1.0,0.0,0.0,0.0,1.0,0.0,0.0,0.0,0.0,0.0,1.0,0.0,0.0,1.0,0.0,0.0,1.0,0.0,0.0,0.0,0.0,0.0,1.0,0.0,0.0,0.0,0.0,1.0,0.0,0.0,0.0,0.0,0.0,0.0,0.0,0.0,0.0,0.0,1.0,0.0,0.0,0.0,1.0,0.0,0.0,1.0,0.0,0.0,0.0,0.0,0.0,0.0,0.0,0.0,0.0,1.0,0.0,0.0,0.0,0.0,0.0,0.0,0.0,0.0,0.0,0.0,1.0,0.0,0.0,1.0,0.0,1.0,0.0
0.7460588764936592,0.0008095681793880887,5.47272937650442e-09,7.967400223371874e-09,2.7083282623506242e-08,0.0,7.832693663350827e-05,1.7995892056369236e-05,8.200619966869496e-06,1.5510062946201505e-06,0.3225806451612903,3.0516646830846227e-05,0.00392156862745098,0.6000000000000001,0.9310344827586207,0.0,0.0,0.0,1.0,0.002747969726277653,0.006001207343489223,1.5259021896696422e-05,0.0027314065981017487,0.0,0.0,0.0029105392156862746,0.0032519386557370742,3.201844262295082e-05,0.003070295294893022,0.0,0.0,0.0,0.0,1.0,0.0,0.0,1.0,0.0,0.0,0.0,0.0,0.0,0.0,0.0,0.0,0.0,0.0,0.0,0.0,0.0,0.0,0.0,0.0,1.0,0.0,0.0,0.0,1.0,0.0,0.0,0.0,1.0,0.0,1.0,0.0,0.0,1.0,0.0,1.0,0.0,0.0,0.0,1.0,0.0,0.0,0.0,0.0,0.0,1.0,0.0,0.0,1.0,0.0,0.0,1.0,0.0,0.0,0.0,0.0,0.0,1.0,0.0,0.0,0.0,0.0,1.0,0.0,0.0,0.0,0.0,0.0,0.0,0.0,0.0,0.0,0.0,1.0,0.0,0.0,0.0,1.0,0.0,0.0,1.0,0.0,0.0,0.0,0.0,0.0,0.0,0.0,0.0,0.0,1.0,0.0,0.0,0.0,0.0,0.0,0.0,0.0,0.0,0.0,0.0,1.0,0.0,0.0,1.0,0.0,1.0,0.0
0.5386024081676256,0.0008095681793880887,4.487423891889143e-09,0.0,4.547947459418973e-08,0.0,0.0,0.0,1.6401239933738992e-05,2.708473678665039e-06,0.7096774193548387,0.0,0.0,0.0,0.9310344827586207,0.0,0.0,0.0,1.0,0.002440934002671211,0.0006391818472355385,0.0,6.103701895199438e-05,0.0,0.0,0.0029105392156862746,0.0032519386557370742,3.201844262295082e-05,0.003070295294893022,0.0,0.0,0.0,0.0,1.0,0.0,0.0,1.0,0.0,0.0,0.0,0.0,0.0,0.0,0.0,0.0,0.0,0.0,0.0,0.0,0.0,0.0,0.0,0.0,0.0,0.0,1.0,1.0,0.0,0.0,1.0,0.0,0.0,1.0,0.0,0.0,1.0,0.0,0.0,1.0,0.0,0.0,0.0,1.0,0.0,0.0,0.0,0.0,0.0,1.0,0.0,0.0,1.0,0.0,0.0,1.0,0.0,0.0,0.0,0.0,0.0,1.0,0.0,0.0,0.0,0.0,1.0,0.0,0.0,0.0,0.0,0.0,0.0,0.0,0.0,0.0,0.0,1.0,0.0,0.0,0.0,1.0,0.0,0.0,1.0,0.0,0.0,0.0,0.0,0.0,0.0,0.0,0.0,0.0,1.0,0.0,0.0,0.0,0.0,0.0,0.0,0.0,0.0,0.0,0.0,1.0,0.0,0.0,1.0,0.0,1.0,0.0
0.8864284951241475,0.0008095681793880887,5.312081743143234e-09,0.0,5.4166565247012484e-08,0.0,0.0,0.0,1.6401239933738992e-05,3.102012589240301e-06,0.7096774193548387,0.0,0.0,0.0,0.9310344827586207,0.0,0.0,0.0,1.0,0.002440934002671211,0.0006391818472355385,0.0,6.103701895199438e-05,0.0,0.0,0.0029105392156862746,0.0032519386557370742,3.201844262295082e-05,0.003070295294893022,0.0,0.0,0.0,0.0,1.0,0.0,0.0,1.0,0.0,0.0,0.0,0.0,0.0,0.0,0.0,0.0,0.0,0.0,0.0,0.0,0.0,0.0,0.0,0.0,0.0,0.0,1.0,1.0,0.0,0.0,1.0,0.0,0.0,1.0,0.0,0.0,1.0,0.0,0.0,1.0,0.0,0.0,0.0,1.0,0.0,0.0,0.0,0.0,0.0,1.0,0.0,0.0,1.0,0.0,0.0,1.0,0.0,0.0,0.0,0.0,0.0,1.0,0.0,0.0,0.0,0.0,1.0,0.0,0.0,0.0,0.0,0.0,0.0,0.0,0.0,0.0,0.0,1.0,0.0,0.0,0.0,1.0,0.0,0.0,1.0,0.0,0.0,0.0,0.0,0.0,0.0,0.0,0.0,0.0,1.0,0.0,0.0,0.0,0.0,0.0,0.0,0.0,0.0,0.0,0.0,1.0,0.0,0.0,1.0,0.0,1.0,0.0
0.5386024081676256,0.0008095681793880887,3.973351465133347e-09,1.0537529327685381e-08,2.2739737297094863e-08,0.0,7.832693663350827e-05,2.104604325236402e-05,8.200619966869496e-06,1.3542368393325195e-06,0.22580645161290322,3.0516646830846227e-05,0.00392156862745098,0.6000000000000001,0.9310344827586207,0.0,0.0,0.0,1.0,0.002747969726277653,0.006001207343489223,1.5259021896696422e-05,0.0027314065981017487,0.0,0.0,0.0029105392156862746,0.0032519386557370742,3.201844262295082e-05,0.003070295294893022,0.0,0.0,0.0,0.0,1.0,0.0,0.0,1.0,0.0,0.0,0.0,0.0,0.0,0.0,0.0,0.0,0.0,0.0,0.0,0.0,0.0,0.0,0.0,0.0,1.0,0.0,0.0,0.0,1.0,0.0,0.0,0.0,1.0,0.0,1.0,0.0,0.0,1.0,0.0,1.0,0.0,0.0,0.0,1.0,0.0,0.0,0.0,0.0,0.0,1.0,0.0,0.0,1.0,0.0,0.0,1.0,0.0,0.0,0.0,0.0,0.0,1.0,0.0,0.0,0.0,0.0,1.0,0.0,0.0,0.0,0.0,0.0,0.0,0.0,0.0,0.0,0.0,1.0,0.0,0.0,0.0,1.0,0.0,0.0,1.0,0.0,0.0,0.0,0.0,0.0,0.0,0.0,0.0,0.0,1.0,0.0,0.0,0.0,0.0,0.0,0.0,0.0,0.0,0.0,0.0,1.0,0.0,0.0,1.0,0.0,1.0,0.0
0.8864284951241475,0.0008095681793880887,4.712330578594805e-09,7.967400223371874e-09,2.7083282623506242e-08,0.0,7.832693663350827e-05,1.7995892056369236e-05,8.200619966869496e-06,1.5510062946201505e-06,0.3225806451612903,3.0516646830846227e-05,0.00392156862745098,0.6000000000000001,0.9310344827586207,0.0,0.0,0.0,1.0,0.002747969726277653,0.006001207343489223,1.5259021896696422e-05,0.0027314065981017487,0.0,0.0,0.0029105392156862746,0.0032519386557370742,3.201844262295082e-05,0.003070295294893022,0.0,0.0,0.0,0.0,1.0,0.0,0.0,1.0,0.0,0.0,0.0,0.0,0.0,0.0,0.0,0.0,0.0,0.0,0.0,0.0,0.0,0.0,0.0,0.0,1.0,0.0,0.0,0.0,1.0,0.0,0.0,0.0,1.0,0.0,1.0,0.0,0.0,1.0,0.0,1.0,0.0,0.0,0.0,1.0,0.0,0.0,0.0,0.0,0.0,1.0,0.0,0.0,1.0,0.0,0.0,1.0,0.0,0.0,0.0,0.0,0.0,1.0,0.0,0.0,0.0,0.0,1.0,0.0,0.0,0.0,0.0,0.0,0.0,0.0,0.0,0.0,0.0,1.0,0.0,0.0,0.0,1.0,0.0,0.0,1.0,0.0,0.0,0.0,0.0,0.0,0.0,0.0,0.0,0.0,1.0,0.0,0.0,0.0,0.0,0.0,0.0,0.0,0.0,0.0,0.0,1.0,0.0,0.0,1.0,0.0,1.0,0.0
0.5996001648175562,0.0008095681793880887,4.423164838544668e-09,0.0,4.547947459418973e-08,0.0,0.0,0.0,1.6401239933738992e-05,2.708473678665039e-06,0.7096774193548387,0.0,0.0,0.0,0.9310344827586207,0.0,0.0,0.0,1.0,0.002440934002671211,0.0006391818472355385,0.0,9.155552842799158e-05,0.0,0.0,0.0029105392156862746,0.0032519386557370742,3.201844262295082e-05,0.003070295294893022,0.0,0.0,0.0,0.0,1.0,0.0,0.0,1.0,0.0,0.0,0.0,0.0,0.0,0.0,0.0,0.0,0.0,0.0,0.0,0.0,0.0,0.0,0.0,0.0,0.0,0.0,1.0,1.0,0.0,0.0,1.0,0.0,0.0,1.0,0.0,0.0,1.0,0.0,0.0,1.0,0.0,0.0,0.0,1.0,0.0,0.0,0.0,0.0,0.0,1.0,0.0,0.0,1.0,0.0,0.0,1.0,0.0,0.0,0.0,0.0,0.0,1.0,0.0,0.0,0.0,0.0,1.0,0.0,0.0,0.0,0.0,0.0,0.0,0.0,0.0,0.0,0.0,1.0,0.0,0.0,0.0,1.0,0.0,0.0,1.0,0.0,0.0,0.0,0.0,0.0,0.0,0.0,0.0,0.0,1.0,0.0,0.0,0.0,0.0,0.0,0.0,0.0,0.0,0.0,0.0,1.0,0.0,0.0,1.0,0.0,1.0,0.0
0.6171196605979216,0.0008095681793880887,5.633377009865607e-09,0.0,5.4166565247012484e-08,0.0,0.0,0.0,1.6401239933738992e-05,3.102012589240301e-06,0.7096774193548387,0.0,0.0,0.0,0.9310344827586207,0.0,0.0,0.0,1.0,0.002440934002671211,0.0006391818472355385,0.0,9.155552842799158e-05,0.0,0.0,0.0029105392156862746,0.0032519386557370742,3.201844262295082e-05,0.003070295294893022,0.0,0.0,0.0,0.0,1.0,0.0,0.0,1.0,0.0,0.0,0.0,0.0,0.0,0.0,0.0,0.0,0.0,0.0,0.0,0.0,0.0,0.0,0.0,0.0,0.0,0.0,1.0,1.0,0.0,0.0,1.0,0.0,0.0,1.0,0.0,0.0,1.0,0.0,0.0,1.0,0.0,0.0,0.0,1.0,0.0,0.0,0.0,0.0,0.0,1.0,0.0,0.0,1.0,0.0,0.0,1.0,0.0,0.0,0.0,0.0,0.0,1.0,0.0,0.0,0.0,0.0,1.0,0.0,0.0,0.0,0.0,0.0,0.0,0.0,0.0,0.0,0.0,1.0,0.0,0.0,0.0,1.0,0.0,0.0,1.0,0.0,0.0,0.0,0.0,0.0,0.0,0.0,0.0,0.0,1.0,0.0,0.0,0.0,0.0,0.0,0.0,0.0,0.0,0.0,0.0,1.0,0.0,0.0,1.0,0.0,1.0,0.0
0.6765150243411114,0.0008095681793880887,8.782070623744863e-09,0.0,5.4166565247012484e-08,0.0,0.0,0.0,1.6401239933738992e-05,3.102012589240301e-06,0.7096774193548387,0.0,0.0,0.0,0.9310344827586207,0.0,0.0,0.0,1.0,0.002440934002671211,0.0006391818472355385,0.0,9.155552842799158e-05,0.0,0.0,0.0029105392156862746,0.0032519386557370742,3.201844262295082e-05,0.003070295294893022,0.0,0.0,0.0,0.0,1.0,0.0,0.0,1.0,0.0,0.0,0.0,0.0,0.0,0.0,0.0,0.0,0.0,0.0,0.0,0.0,0.0,0.0,0.0,0.0,0.0,0.0,1.0,1.0,0.0,0.0,1.0,0.0,0.0,1.0,0.0,0.0,1.0,0.0,0.0,1.0,0.0,0.0,0.0,1.0,0.0,0.0,0.0,0.0,0.0,1.0,0.0,0.0,1.0,0.0,0.0,1.0,0.0,0.0,0.0,0.0,0.0,1.0,0.0,0.0,0.0,0.0,1.0,0.0,0.0,0.0,0.0,0.0,0.0,0.0,0.0,0.0,0.0,1.0,0.0,0.0,0.0,1.0,0.0,0.0,1.0,0.0,0.0,0.0,0.0,0.0,0.0,0.0,0.0,0.0,1.0,0.0,0.0,0.0,0.0,0.0,0.0,0.0,0.0,0.0,0.0,1.0,0.0,0.0,1.0,0.0,1.0,0.0
0.7931081844125324,0.0008095681793880887,5.622667167641527e-09,0.0,4.547947459418973e-08,0.0,0.0,0.0,1.6401239933738992e-05,2.708473678665039e-06,0.7096774193548387,0.0,0.0,0.0,0.9310344827586207,0.0,0.0,0.0,1.0,0.002440934002671211,0.0006391818472355385,0.0,9.155552842799158e-05,0.0,0.0,0.0029105392156862746,0.0032519386557370742,3.201844262295082e-05,0.003070295294893022,0.0,0.0,0.0,0.0,1.0,0.0,0.0,1.0,0.0,0.0,0.0,0.0,0.0,0.0,0.0,0.0,0.0,0.0,0.0,0.0,0.0,0.0,0.0,0.0,0.0,0.0,1.0,1.0,0.0,0.0,1.0,0.0,0.0,1.0,0.0,0.0,1.0,0.0,0.0,1.0,0.0,0.0,0.0,1.0,0.0,0.0,0.0,0.0,0.0,1.0,0.0,0.0,1.0,0.0,0.0,1.0,0.0,0.0,0.0,0.0,0.0,1.0,0.0,0.0,0.0,0.0,1.0,0.0,0.0,0.0,0.0,0.0,0.0,0.0,0.0,0.0,0.0,1.0,0.0,0.0,0.0,1.0,0.0,0.0,1.0,0.0,0.0,0.0,0.0,0.0,0.0,0.0,0.0,0.0,1.0,0.0,0.0,0.0,0.0,0.0,0.0,0.0,0.0,0.0,0.0,1.0,0.0,0.0,1.0,0.0,1.0,0.0
0.5996001648175562,0.0008095681793880887,3.973351465133347e-09,1.0537529327685381e-08,2.2739737297094863e-08,0.0,7.832693663350827e-05,2.104604325236402e-05,8.200619966869496e-06,1.3542368393325195e-06,0.22580645161290322,3.0516646830846227e-05,0.00392156862745098,0.6000000000000001,0.9310344827586207,0.0,0.0,0.0,1.0,0.002747969726277653,0.006001207343489223,1.5259021896696422e-05,0.0027314065981017487,0.0,0.0,0.0029105392156862746,0.0032519386557370742,3.201844262295082e-05,0.003070295294893022,0.0,0.0,0.0,0.0,1.0,0.0,0.0,1.0,0.0,0.0,0.0,0.0,0.0,0.0,0.0,0.0,0.0,0.0,0.0,0.0,0.0,0.0,0.0,0.0,1.0,0.0,0.0,0.0,1.0,0.0,0.0,0.0,1.0,0.0,1.0,0.0,0.0,1.0,0.0,1.0,0.0,0.0,0.0,1.0,0.0,0.0,0.0,0.0,0.0,1.0,0.0,0.0,1.0,0.0,0.0,1.0,0.0,0.0,0.0,0.0,0.0,1.0,0.0,0.0,0.0,0.0,1.0,0.0,0.0,0.0,0.0,0.0,0.0,0.0,0.0,0.0,0.0,1.0,0.0,0.0,0.0,1.0,0.0,0.0,1.0,0.0,0.0,0.0,0.0,0.0,0.0,0.0,0.0,0.0,1.0,0.0,0.0,0.0,0.0,0.0,0.0,0.0,0.0,0.0,0.0,1.0,0.0,0.0,1.0,0.0,1.0,0.0
0.6171196605979216,0.0008095681793880887,4.88368805418007e-09,7.967400223371874e-09,2.7083282623506242e-08,0.0,7.832693663350827e-05,1.7995892056369236e-05,8.200619966869496e-06,1.5510062946201505e-06,0.3225806451612903,3.0516646830846227e-05,0.00392156862745098,0.6000000000000001,0.9310344827586207,0.0,0.0,0.0,1.0,0.002747969726277653,0.006001207343489223,1.5259021896696422e-05,0.0027314065981017487,0.0,0.0,0.0029105392156862746,0.0032519386557370742,3.201844262295082e-05,0.003070295294893022,0.0,0.0,0.0,0.0,1.0,0.0,0.0,1.0,0.0,0.0,0.0,0.0,0.0,0.0,0.0,0.0,0.0,0.0,0.0,0.0,0.0,0.0,0.0,0.0,1.0,0.0,0.0,0.0,1.0,0.0,0.0,0.0,1.0,0.0,1.0,0.0,0.0,1.0,0.0,1.0,0.0,0.0,0.0,1.0,0.0,0.0,0.0,0.0,0.0,1.0,0.0,0.0,1.0,0.0,0.0,1.0,0.0,0.0,0.0,0.0,0.0,1.0,0.0,0.0,0.0,0.0,1.0,0.0,0.0,0.0,0.0,0.0,0.0,0.0,0.0,0.0,0.0,1.0,0.0,0.0,0.0,1.0,0.0,0.0,1.0,0.0,0.0,0.0,0.0,0.0,0.0,0.0,0.0,0.0,1.0,0.0,0.0,0.0,0.0,0.0,0.0,0.0,0.0,0.0,0.0,1.0,0.0,0.0,1.0,0.0,1.0,0.0
0.6765150243411114,0.0008095681793880887,8.053801352507483e-09,7.967400223371874e-09,2.7083282623506242e-08,0.0,7.832693663350827e-05,1.7995892056369236e-05,8.200619966869496e-06,1.5510062946201505e-06,0.3225806451612903,3.0516646830846227e-05,0.00392156862745098,0.6000000000000001,0.9310344827586207,0.0,0.0,0.0,1.0,0.002747969726277653,0.006001207343489223,1.5259021896696422e-05,0.0027314065981017487,0.0,0.0,0.0029105392156862746,0.0032519386557370742,3.201844262295082e-05,0.003070295294893022,0.0,0.0,0.0,0.0,1.0,0.0,0.0,1.0,0.0,0.0,0.0,0.0,0.0,0.0,0.0,0.0,0.0,0.0,0.0,0.0,0.0,0.0,0.0,0.0,1.0,0.0,0.0,0.0,1.0,0.0,0.0,0.0,1.0,0.0,1.0,0.0,0.0,1.0,0.0,1.0,0.0,0.0,0.0,1.0,0.0,0.0,0.0,0.0,0.0,1.0,0.0,0.0,1.0,0.0,0.0,1.0,0.0,0.0,0.0,0.0,0.0,1.0,0.0,0.0,0.0,0.0,1.0,0.0,0.0,0.0,0.0,0.0,0.0,0.0,0.0,0.0,0.0,1.0,0.0,0.0,0.0,1.0,0.0,0.0,1.0,0.0,0.0,0.0,0.0,0.0,0.0,0.0,0.0,0.0,1.0,0.0,0.0,0.0,0.0,0.0,0.0,0.0,0.0,0.0,0.0,1.0,0.0,0.0,1.0,0.0,1.0,0.0
0.7931081844125324,0.0008095681793880887,5.097884898661652e-09,1.0537529327685381e-08,2.2739737297094863e-08,0.0,7.832693663350827e-05,2.104604325236402e-05,8.200619966869496e-06,1.3542368393325195e-06,0.22580645161290322,3.0516646830846227e-05,0.00392156862745098,0.6000000000000001,0.9310344827586207,0.0,0.0,0.0,1.0,0.002747969726277653,0.006001207343489223,1.5259021896696422e-05,0.0027314065981017487,0.0,0.0,0.0029105392156862746,0.0032519386557370742,3.201844262295082e-05,0.003070295294893022,0.0,0.0,0.0,0.0,1.0,0.0,0.0,1.0,0.0,0.0,0.0,0.0,0.0,0.0,0.0,0.0,0.0,0.0,0.0,0.0,0.0,0.0,0.0,0.0,1.0,0.0,0.0,0.0,1.0,0.0,0.0,0.0,1.0,0.0,1.0,0.0,0.0,1.0,0.0,1.0,0.0,0.0,0.0,1.0,0.0,0.0,0.0,0.0,0.0,1.0,0.0,0.0,1.0,0.0,0.0,1.0,0.0,0.0,0.0,0.0,0.0,1.0,0.0,0.0,0.0,0.0,1.0,0.0,0.0,0.0,0.0,0.0,0.0,0.0,0.0,0.0,0.0,1.0,0.0,0.0,0.0,1.0,0.0,0.0,1.0,0.0,0.0,0.0,0.0,0.0,0.0,0.0,0.0,0.0,1.0,0.0,0.0,0.0,0.0,0.0,0.0,0.0,0.0,0.0,0.0,1.0,0.0,0.0,1.0,0.0,1.0,0.0
0.6140064400933967,0.0008095681793880887,9.071236363794998e-09,0.0,4.547947459418973e-08,0.0,0.0,0.0,1.6401239933738992e-05,2.708473678665039e-06,0.7096774193548387,0.0,0.0,0.0,0.9310344827586207,0.0,0.0,0.0,1.0,0.002440934002671211,0.0006391818472355385,0.0,6.103701895199438e-05,0.0,0.0,0.0029105392156862746,0.0032519386557370742,3.201844262295082e-05,0.003070295294893022,0.0,0.0,0.0,0.0,1.0,0.0,0.0,1.0,0.0,0.0,0.0,0.0,0.0,0.0,0.0,0.0,0.0,0.0,0.0,0.0,0.0,0.0,0.0,0.0,0.0,0.0,1.0,1.0,0.0,0.0,1.0,0.0,0.0,1.0,0.0,0.0,1.0,0.0,0.0,1.0,0.0,0.0,0.0,1.0,0.0,0.0,0.0,0.0,0.0,1.0,0.0,0.0,1.0,0.0,0.0,1.0,0.0,0.0,0.0,0.0,0.0,1.0,0.0,0.0,0.0,0.0,1.0,0.0,0.0,0.0,0.0,0.0,0.0,0.0,0.0,0.0,0.0,1.0,0.0,0.0,0.0,1.0,0.0,0.0,1.0,0.0,0.0,0.0,0.0,0.0,0.0,0.0,0.0,0.0,1.0,0.0,0.0,0.0,0.0,0.0,0.0,0.0,0.0,0.0,0.0,1.0,0.0,0.0,1.0,0.0,1.0,0.0
0.5606086040868651,0.0012219897047367376,0.0013861791737092898,7.265754977894286e-07,8.998803905659338e-07,0.0,0.00046996161980104964,0.0009415816742035903,5.740433976808647e-05,4.4145806027472046e-05,0.7096774193548387,0.0,0.0,0.0,0.9310344827586207,0.0,0.0,0.0,1.0,0.002747969726277653,0.006001207343489223,1.5259021896696422e-05,0.0005340739158299509,0.0,0.0,0.0029105392156862746,0.0032519386557370742,3.201844262295082e-05,0.0031506695172724207,0.0,0.0,0.0,1.0,0.0,0.0,0.0,0.0,0.0,0.0,1.0,0.0,0.0,0.0,0.0,0.0,0.0,0.0,1.0,0.0,0.0,0.0,0.0,0.0,0.0,0.0,0.0,1.0,0.0,0.0,1.0,0.0,0.0,1.0,0.0,0.0,1.0,0.0,0.0,1.0,0.0,0.0,0.0,1.0,0.0,0.0,0.0,0.0,0.0,1.0,0.0,0.0,1.0,0.0,0.0,1.0,0.0,0.0,0.0,0.0,0.0,1.0,0.0,0.0,0.0,0.0,1.0,0.0,0.0,0.0,0.0,0.0,0.0,0.0,0.0,0.0,0.0,1.0,0.0,0.0,0.0,1.0,0.0,0.0,1.0,0.0,0.0,0.0,0.0,0.0,0.0,0.0,0.0,0.0,1.0,0.0,0.0,0.0,0.0,0.0,0.0,0.0,0.0,0.0,0.0,1.0,0.0,0.0,1.0,0.0,1.0,0.0
0.5607001693958217,0.0012219897047367376,0.0013877391800374915,8.723018180040045e-07,9.481703944889779e-07,0.0,0.0005482885564345579,0.0011267258518004738,5.740433976808647e-05,4.6333419383316884e-05,0.7096774193548387,0.0,0.0,0.0,0.9310344827586207,0.0,0.0,0.0,1.0,0.002747969726277653,0.006001207343489223,1.5259021896696422e-05,0.0005340739158299509,0.0,0.0,0.0029105392156862746,0.0032519386557370742,3.201844262295082e-05,0.0031506695172724207,0.0,0.0,0.0,1.0,0.0,0.0,0.0,0.0,0.0,0.0,1.0,0.0,0.0,0.0,0.0,0.0,0.0,0.0,1.0,0.0,0.0,0.0,0.0,0.0,0.0,0.0,0.0,1.0,0.0,0.0,1.0,0.0,0.0,1.0,0.0,0.0,1.0,0.0,0.0,1.0,0.0,0.0,0.0,1.0,0.0,0.0,0.0,0.0,0.0,1.0,0.0,0.0,1.0,0.0,0.0,1.0,0.0,0.0,0.0,0.0,0.0,1.0,0.0,0.0,0.0,0.0,1.0,0.0,0.0,0.0,0.0,0.0,0.0,0.0,0.0,0.0,0.0,1.0,0.0,0.0,0.0,1.0,0.0,0.0,1.0,0.0,0.0,0.0,0.0,0.0,0.0,0.0,0.0,0.0,1.0,0.0,0.0,0.0,0.0,0.0,0.0,0.0,0.0,0.0,0.0,1.0,0.0,0.0,1.0,0.0,1.0,0.0
0.5608527782440826,0.0012219897047367376,0.00138647522587789,4.22786237659572e-07,7.989568373934341e-07,1.6861441879451566e-06,0.00046996161980104964,0.0005810538028370066,3.2802479867477984e-05,1.9908439005572084e-06,0.7096774193548387,0.0,0.0,0.0,0.9310344827586207,0.0,0.0,0.0,1.0,0.002747969726277653,0.006001207343489223,1.5259021896696422e-05,0.0005340739158299509,0.0,0.0,0.0029105392156862746,0.0032519386557370742,3.201844262295082e-05,0.0031506695172724207,0.0,0.0,0.0,1.0,0.0,0.0,0.0,0.0,0.0,0.0,1.0,0.0,0.0,0.0,0.0,0.0,0.0,0.0,1.0,0.0,0.0,0.0,0.0,0.0,0.0,0.0,0.0,1.0,0.0,0.0,1.0,0.0,0.0,1.0,0.0,0.0,1.0,0.0,0.0,1.0,0.0,0.0,0.0,1.0,0.0,0.0,0.0,0.0,0.0,1.0,0.0,0.0,1.0,0.0,0.0,1.0,0.0,0.0,0.0,0.0,0.0,1.0,0.0,0.0,0.0,0.0,1.0,0.0,0.0,0.0,0.0,0.0,0.0,0.0,0.0,0.0,0.0,1.0,0.0,0.0,0.0,1.0,0.0,0.0,1.0,0.0,0.0,0.0,0.0,0.0,0.0,0.0,0.0,0.0,1.0,0.0,0.0,0.0,0.0,0.0,0.0,0.0,0.0,0.0,0.0,1.0,0.0,0.0,1.0,0.0,1.0,0.0
0.5608833000137349,0.0012219897047367376,0.0013874253174012724,4.243283151221601e-07,7.994678427259531e-07,0.0,0.00046996161980104964,0.0005828838935546035,5.740433976808647e-05,3.9596959208175635e-05,0.7096774193548387,0.0,0.0,0.0,0.9310344827586207,0.0,0.0,0.0,1.0,0.002747969726277653,0.006001207343489223,1.5259021896696422e-05,0.0005340739158299509,0.0,0.0,0.0029105392156862746,0.0032519386557370742,3.201844262295082e-05,0.0031506695172724207,0.0,0.0,0.0,1.0,0.0,0.0,0.0,0.0,0.0,0.0,1.0,0.0,0.0,0.0,0.0,0.0,0.0,0.0,1.0,0.0,0.0,0.0,0.0,0.0,0.0,0.0,0.0,1.0,0.0,0.0,1.0,0.0,0.0,1.0,0.0,0.0,1.0,0.0,0.0,1.0,0.0,0.0,0.0,1.0,0.0,0.0,0.0,0.0,0.0,1.0,0.0,0.0,1.0,0.0,0.0,1.0,0.0,0.0,0.0,0.0,0.0,1.0,0.0,0.0,0.0,0.0,1.0,0.0,0.0,0.0,0.0,0.0,0.0,0.0,0.0,0.0,0.0,1.0,0.0,0.0,0.0,1.0,0.0,0.0,1.0,0.0,0.0,0.0,0.0,0.0,0.0,0.0,0.0,0.0,1.0,0.0,0.0,0.0,0.0,0.0,0.0,0.0,0.0,0.0,0.0,1.0,0.0,0.0,1.0,0.0,1.0,0.0
0.5609138217833871,0.0012219897047367376,0.0003953608941977479,5.376710086223858e-07,8.37282237332358e-07,0.0,0.0007832693663350827,0.0007844988876098589,9.020681963556445e-05,4.3161958751033895e-05,0.7096774193548387,0.0,0.0,0.0,0.9310344827586207,0.0,0.0,0.0,1.0,0.002747969726277653,0.006001207343489223,1.5259021896696422e-05,0.0005340739158299509,0.0,0.0,0.0029105392156862746,0.0032519386557370742,3.201844262295082e-05,0.0031506695172724207,0.0,0.0,0.0,1.0,0.0,0.0,0.0,0.0,0.0,0.0,1.0,0.0,0.0,0.0,0.0,0.0,0.0,0.0,0.0,0.0,0.0,0.0,0.0,1.0,0.0,0.0,0.0,1.0,0.0,0.0,1.0,0.0,0.0,1.0,0.0,0.0,1.0,0.0,0.0,1.0,0.0,0.0,0.0,1.0,0.0,0.0,0.0,0.0,0.0,1.0,0.0,0.0,1.0,0.0,0.0,1.0,0.0,0.0,0.0,0.0,0.0,1.0,0.0,0.0,0.0,0.0,1.0,0.0,0.0,0.0,0.0,0.0,0.0,0.0,0.0,0.0,0.0,1.0,0.0,0.0,0.0,1.0,0.0,0.0,1.0,0.0,0.0,0.0,0.0,0.0,0.0,0.0,0.0,0.0,1.0,0.0,0.0,0.0,0.0,0.0,0.0,0.0,0.0,0.0,0.0,1.0,0.0,0.0,1.0,0.0,1.0,0.0
0.5609443435530393,0.0012219897047367376,0.0003050989329745316,3.4799548072404896e-07,7.741730787662633e-07,0.0,0.0003133077465340331,0.00046789319346560014,9.020681963556445e-05,4.030301431244302e-05,0.7096774193548387,0.0,0.0,0.0,0.9310344827586207,0.0,0.0,0.0,1.0,0.002747969726277653,0.006001207343489223,1.5259021896696422e-05,0.0005340739158299509,0.0,0.0,0.0029105392156862746,0.0032519386557370742,3.201844262295082e-05,0.0031506695172724207,0.0,0.0,0.0,1.0,0.0,0.0,0.0,0.0,0.0,0.0,1.0,0.0,0.0,0.0,0.0,0.0,0.0,0.0,1.0,0.0,0.0,0.0,0.0,0.0,0.0,0.0,0.0,1.0,0.0,0.0,1.0,0.0,0.0,1.0,0.0,0.0,1.0,0.0,0.0,1.0,0.0,0.0,0.0,1.0,0.0,0.0,0.0,0.0,0.0,1.0,0.0,0.0,1.0,0.0,0.0,1.0,0.0,0.0,0.0,0.0,0.0,1.0,0.0,0.0,0.0,0.0,1.0,0.0,0.0,0.0,0.0,0.0,0.0,0.0,0.0,0.0,0.0,1.0,0.0,0.0,0.0,1.0,0.0,0.0,1.0,0.0,0.0,0.0,0.0,0.0,0.0,0.0,0.0,0.0,1.0,0.0,0.0,0.0,0.0,0.0,0.0,0.0,0.0,0.0,0.0,1.0,0.0,0.0,1.0,0.0,1.0,0.0
0.706166923558228,0.0008095681793880887,4.0697400451500586e-10,1.9018955371919957e-08,2.2995239963354356e-08,0.0,0.00015665387326701654,3.9651965547932214e-05,1.6401239933738992e-05,1.6899023807055372e-06,0.0967741935483871,3.0516646830846227e-05,0.00392156862745098,0.0,0.9310344827586207,0.0,0.0,0.0,1.0,0.002747969726277653,0.006001207343489223,1.5259021896696422e-05,0.0005340739158299509,0.0,0.0,0.0029105392156862746,0.0032519386557370742,3.201844262295082e-05,3.214968895175939e-05,0.0,0.0,0.0,0.0,1.0,0.0,0.0,1.0,0.0,0.0,0.0,0.0,0.0,0.0,0.0,0.0,0.0,0.0,0.0,0.0,0.0,0.0,0.0,0.0,1.0,0.0,0.0,0.0,1.0,0.0,0.0,0.0,1.0,0.0,0.0,1.0,0.0,1.0,0.0,1.0,0.0,0.0,0.0,1.0,0.0,0.0,0.0,0.0,0.0,1.0,0.0,0.0,1.0,0.0,0.0,1.0,0.0,0.0,0.0,0.0,0.0,1.0,0.0,0.0,0.0,0.0,1.0,0.0,0.0,0.0,0.0,0.0,0.0,0.0,0.0,0.0,0.0,1.0,0.0,0.0,0.0,1.0,0.0,0.0,1.0,0.0,0.0,0.0,0.0,0.0,0.0,0.0,0.0,0.0,1.0,0.0,0.0,0.0,0.0,0.0,0.0,0.0,0.0,0.0,0.0,1.0,0.0,0.0,1.0,0.0,1.0,0.0
0.5001755001755003,0.0012219897047367376,0.0,0.0,0.0,0.0,7.832693663350827e-05,1.5860786219172886e-05,0.0,0.0,0.7096774193548387,0.0,0.0,0.0,0.9310344827586207,0.0,0.0,0.0,1.0,0.002747969726277653,0.006001207343489223,1.5259021896696422e-05,0.0004730368968779565,0.0,0.0,0.0026654411764705883,0.0005580249764282553,0.0008164702868852459,0.0026684241829960298,0.0,0.0,0.0,1.0,0.0,1.0,0.0,0.0,0.0,0.0,0.0,0.0,0.0,0.0,0.0,0.0,0.0,0.0,0.0,0.0,0.0,0.0,0.0,0.0,0.0,1.0,0.0,1.0,0.0,0.0,1.0,0.0,0.0,1.0,0.0,0.0,1.0,0.0,0.0,1.0,0.0,0.0,0.0,1.0,0.0,0.0,0.0,0.0,0.0,1.0,0.0,0.0,1.0,0.0,0.0,1.0,0.0,0.0,0.0,0.0,0.0,1.0,0.0,0.0,0.0,0.0,1.0,0.0,0.0,0.0,0.0,0.0,0.0,0.0,0.0,0.0,0.0,1.0,0.0,0.0,0.0,1.0,0.0,0.0,1.0,0.0,0.0,0.0,0.0,0.0,0.0,0.0,0.0,0.0,1.0,0.0,0.0,0.0,0.0,0.0,0.0,0.0,0.0,0.0,0.0,1.0,0.0,0.0,1.0,0.0,1.0,0.0
0.5002670654844569,0.0012219897047367376,0.0,0.0,0.0,0.0,7.832693663350827e-05,1.5860786219172886e-05,0.0,0.0,0.7096774193548387,0.0,0.0,0.0,0.9310344827586207,0.0,0.0,0.0,1.0,0.002747969726277653,0.006001207343489223,1.5259021896696422e-05,0.0004730368968779565,0.0,0.0,0.0007659313725490196,0.0005580249764282553,0.003714139344262295,0.002427301515857834,0.0,0.0,0.0,1.0,0.0,1.0,0.0,0.0,0.0,0.0,0.0,0.0,0.0,0.0,0.0,0.0,0.0,0.0,0.0,0.0,0.0,0.0,0.0,0.0,0.0,1.0,0.0,1.0,0.0,0.0,1.0,0.0,0.0,1.0,0.0,0.0,1.0,0.0,0.0,1.0,0.0,0.0,0.0,1.0,0.0,0.0,0.0,0.0,0.0,1.0,0.0,0.0,1.0,0.0,0.0,1.0,0.0,0.0,0.0,0.0,0.0,1.0,0.0,0.0,0.0,0.0,1.0,0.0,0.0,0.0,0.0,0.0,0.0,0.0,0.0,0.0,0.0,1.0,0.0,0.0,0.0,1.0,0.0,0.0,1.0,0.0,0.0,0.0,0.0,0.0,0.0,0.0,0.0,0.0,1.0,0.0,0.0,0.0,0.0,0.0,0.0,0.0,0.0,0.0,0.0,1.0,0.0,0.0,1.0,0.0,1.0,0.0
0.5007859355685443,0.0012219897047367376,0.0,0.0,0.0,0.0,7.832693663350827e-05,1.5860786219172886e-05,0.0,0.0,0.7096774193548387,0.0,0.0,0.0,0.9310344827586207,0.0,0.0,0.0,1.0,0.002747969726277653,0.006001207343489223,1.5259021896696422e-05,0.0004730368968779565,0.0,0.0,0.0026654411764705883,0.0005580249764282553,0.0008164702868852459,0.0026684241829960298,0.0,0.0,0.0,1.0,0.0,1.0,0.0,0.0,0.0,0.0,0.0,0.0,0.0,0.0,0.0,0.0,0.0,0.0,0.0,0.0,0.0,0.0,0.0,0.0,0.0,1.0,0.0,1.0,0.0,0.0,1.0,0.0,0.0,1.0,0.0,0.0,1.0,0.0,0.0,1.0,0.0,0.0,0.0,1.0,0.0,0.0,0.0,0.0,0.0,1.0,0.0,0.0,1.0,0.0,0.0,1.0,0.0,0.0,0.0,0.0,0.0,1.0,0.0,0.0,0.0,0.0,1.0,0.0,0.0,0.0,0.0,0.0,0.0,0.0,0.0,0.0,0.0,1.0,0.0,0.0,0.0,1.0,0.0,0.0,1.0,0.0,0.0,0.0,0.0,0.0,0.0,0.0,0.0,0.0,1.0,0.0,0.0,0.0,0.0,0.0,0.0,0.0,0.0,0.0,0.0,1.0,0.0,0.0,1.0,0.0,1.0,0.0
0.5031971553710685,0.0012219897047367376,0.0,0.0,0.0,0.0,7.832693663350827e-05,1.5860786219172886e-05,0.0,0.0,0.7096774193548387,0.0,0.0,0.0,0.9310344827586207,0.0,0.0,0.0,1.0,0.002747969726277653,0.006001207343489223,1.5259021896696422e-05,0.0004730368968779565,0.0,0.0,0.0026654411764705883,0.0005580249764282553,0.0008164702868852459,0.0026684241829960298,0.0,0.0,0.0,1.0,0.0,1.0,0.0,0.0,0.0,0.0,0.0,0.0,0.0,0.0,0.0,0.0,0.0,0.0,0.0,0.0,0.0,0.0,0.0,0.0,0.0,1.0,0.0,1.0,0.0,0.0,1.0,0.0,0.0,1.0,0.0,0.0,1.0,0.0,0.0,1.0,0.0,0.0,0.0,1.0,0.0,0.0,0.0,0.0,0.0,1.0,0.0,0.0,1.0,0.0,0.0,1.0,0.0,0.0,0.0,0.0,0.0,1.0,0.0,0.0,0.0,0.0,1.0,0.0,0.0,0.0,0.0,0.0,0.0,0.0,0.0,0.0,0.0,1.0,0.0,0.0,0.0,1.0,0.0,0.0,1.0,0.0,0.0,0.0,0.0,0.0,0.0,0.0,0.0,0.0,1.0,0.0,0.0,0.0,0.0,0.0,0.0,0.0,0.0,0.0,0.0,1.0,0.0,0.0,1.0,0.0,1.0,0.0
0.5036855036855038,0.0012219897047367376,0.0,0.0,0.0,0.0,7.832693663350827e-05,1.5860786219172886e-05,0.0,0.0,0.7096774193548387,0.0,0.0,0.0,0.9310344827586207,0.0,0.0,0.0,1.0,0.002747969726277653,0.006001207343489223,1.5259021896696422e-05,0.0004730368968779565,0.0,0.0,0.00024509803921568627,0.0037522369104658546,0.0027215676229508197,0.0020093555594849623,0.0,0.0,0.0,1.0,0.0,1.0,0.0,0.0,0.0,0.0,0.0,0.0,0.0,0.0,0.0,0.0,0.0,0.0,0.0,0.0,0.0,0.0,0.0,0.0,0.0,1.0,0.0,1.0,0.0,0.0,1.0,0.0,0.0,1.0,0.0,0.0,1.0,0.0,0.0,1.0,0.0,0.0,0.0,1.0,0.0,0.0,0.0,0.0,0.0,1.0,0.0,0.0,1.0,0.0,0.0,1.0,0.0,0.0,0.0,0.0,0.0,1.0,0.0,0.0,0.0,0.0,1.0,0.0,0.0,0.0,0.0,0.0,0.0,0.0,0.0,0.0,0.0,1.0,0.0,0.0,0.0,1.0,0.0,0.0,1.0,0.0,0.0,0.0,0.0,0.0,0.0,0.0,0.0,0.0,1.0,0.0,0.0,0.0,0.0,0.0,0.0,0.0,0.0,0.0,0.0,1.0,0.0,0.0,1.0,0.0,1.0,0.0
0.5041433302302868,0.0012219897047367376,0.0,0.0,0.0,0.0,7.832693663350827e-05,1.5860786219172886e-05,0.0,0.0,0.7096774193548387,0.0,0.0,0.0,0.9310344827586207,0.0,0.0,0.0,1.0,0.002747969726277653,0.006001207343489223,1.5259021896696422e-05,0.0004730368968779565,0.0,0.0,0.0026654411764705883,0.0005580249764282553,0.0008164702868852459,0.0026684241829960298,0.0,0.0,0.0,1.0,0.0,1.0,0.0,0.0,0.0,0.0,0.0,0.0,0.0,0.0,0.0,0.0,0.0,0.0,0.0,0.0,0.0,0.0,0.0,0.0,0.0,1.0,0.0,1.0,0.0,0.0,1.0,0.0,0.0,1.0,0.0,0.0,1.0,0.0,0.0,1.0,0.0,0.0,0.0,1.0,0.0,0.0,0.0,0.0,0.0,1.0,0.0,0.0,1.0,0.0,0.0,1.0,0.0,0.0,0.0,0.0,0.0,1.0,0.0,0.0,0.0,0.0,1.0,0.0,0.0,0.0,0.0,0.0,0.0,0.0,0.0,0.0,0.0,1.0,0.0,0.0,0.0,1.0,0.0,0.0,1.0,0.0,0.0,0.0,0.0,0.0,0.0,0.0,0.0,0.0,1.0,0.0,0.0,0.0,0.0,0.0,0.0,0.0,0.0,0.0,0.0,1.0,0.0,0.0,1.0,0.0,1.0,0.0
0.5049063744715919,0.0012219897047367376,0.0,0.0,0.0,0.0,7.832693663350827e-05,1.5860786219172886e-05,0.0,0.0,0.7096774193548387,0.0,0.0,0.0,0.9310344827586207,0.0,0.0,0.0,1.0,0.002747969726277653,0.006001207343489223,1.5259021896696422e-05,0.0004730368968779565,0.0,0.0,0.0026654411764705883,0.0005580249764282553,0.0008164702868852459,0.0026684241829960298,0.0,0.0,0.0,1.0,0.0,1.0,0.0,0.0,0.0,0.0,0.0,0.0,0.0,0.0,0.0,0.0,0.0,0.0,0.0,0.0,0.0,0.0,0.0,0.0,0.0,1.0,0.0,1.0,0.0,0.0,1.0,0.0,0.0,1.0,0.0,0.0,1.0,0.0,0.0,1.0,0.0,0.0,0.0,1.0,0.0,0.0,0.0,0.0,0.0,1.0,0.0,0.0,1.0,0.0,0.0,1.0,0.0,0.0,0.0,0.0,0.0,1.0,0.0,0.0,0.0,0.0,1.0,0.0,0.0,0.0,0.0,0.0,0.0,0.0,0.0,0.0,0.0,1.0,0.0,0.0,0.0,1.0,0.0,0.0,1.0,0.0,0.0,0.0,0.0,0.0,0.0,0.0,0.0,0.0,1.0,0.0,0.0,0.0,0.0,0.0,0.0,0.0,0.0,0.0,0.0,1.0,0.0,0.0,1.0,0.0,1.0,0.0
0.5074091595830728,0.0012219897047367376,0.0,0.0,0.0,0.0,7.832693663350827e-05,1.5860786219172886e-05,0.0,0.0,0.7096774193548387,0.0,0.0,0.0,0.9310344827586207,0.0,0.0,0.0,1.0,0.002747969726277653,0.006001207343489223,1.5259021896696422e-05,0.0004730368968779565,0.0,0.0,0.0007659313725490196,0.0005580249764282553,0.003714139344262295,0.002427301515857834,0.0,0.0,0.0,1.0,0.0,1.0,0.0,0.0,0.0,0.0,0.0,0.0,0.0,0.0,0.0,0.0,0.0,0.0,0.0,0.0,0.0,0.0,0.0,0.0,0.0,1.0,0.0,1.0,0.0,0.0,1.0,0.0,0.0,1.0,0.0,0.0,1.0,0.0,0.0,1.0,0.0,0.0,0.0,1.0,0.0,0.0,0.0,0.0,0.0,1.0,0.0,0.0,1.0,0.0,0.0,1.0,0.0,0.0,0.0,0.0,0.0,1.0,0.0,0.0,0.0,0.0,1.0,0.0,0.0,0.0,0.0,0.0,0.0,0.0,0.0,0.0,0.0,1.0,0.0,0.0,0.0,1.0,0.0,0.0,1.0,0.0,0.0,0.0,0.0,0.0,0.0,0.0,0.0,0.0,1.0,0.0,0.0,0.0,0.0,0.0,0.0,0.0,0.0,0.0,0.0,1.0,0.0,0.0,1.0,0.0,1.0,0.0
0.5076228119706382,0.0012219897047367376,0.0,0.0,0.0,0.0,7.832693663350827e-05,1.5860786219172886e-05,0.0,0.0,0.7096774193548387,0.0,0.0,0.0,0.9310344827586207,0.0,0.0,0.0,1.0,0.002747969726277653,0.006001207343489223,1.5259021896696422e-05,0.0004730368968779565,0.0,0.0,0.0026654411764705883,0.0005580249764282553,0.0008164702868852459,0.0026684241829960298,0.0,0.0,0.0,1.0,0.0,1.0,0.0,0.0,0.0,0.0,0.0,0.0,0.0,0.0,0.0,0.0,0.0,0.0,0.0,0.0,0.0,0.0,0.0,0.0,0.0,1.0,0.0,1.0,0.0,0.0,1.0,0.0,0.0,1.0,0.0,0.0,1.0,0.0,0.0,1.0,0.0,0.0,0.0,1.0,0.0,0.0,0.0,0.0,0.0,1.0,0.0,0.0,1.0,0.0,0.0,1.0,0.0,0.0,0.0,0.0,0.0,1.0,0.0,0.0,0.0,0.0,1.0,0.0,0.0,0.0,0.0,0.0,0.0,0.0,0.0,0.0,0.0,1.0,0.0,0.0,0.0,1.0,0.0,0.0,1.0,0.0,0.0,0.0,0.0,0.0,0.0,0.0,0.0,0.0,1.0,0.0,0.0,0.0,0.0,0.0,0.0,0.0,0.0,0.0,0.0,1.0,0.0,0.0,1.0,0.0,1.0,0.0
0.5110107284020329,0.0012219897047367376,0.0,0.0,0.0,0.0,7.832693663350827e-05,1.5860786219172886e-05,0.0,0.0,0.7096774193548387,0.0,0.0,0.0,0.9310344827586207,0.0,0.0,0.0,1.0,0.002747969726277653,0.006001207343489223,1.5259021896696422e-05,0.0004730368968779565,0.0,0.0,0.0026654411764705883,0.0005580249764282553,0.0008164702868852459,0.0026684241829960298,0.0,0.0,0.0,1.0,0.0,1.0,0.0,0.0,0.0,0.0,0.0,0.0,0.0,0.0,0.0,0.0,0.0,0.0,0.0,0.0,0.0,0.0,0.0,0.0,0.0,1.0,0.0,1.0,0.0,0.0,1.0,0.0,0.0,1.0,0.0,0.0,1.0,0.0,0.0,1.0,0.0,0.0,0.0,1.0,0.0,0.0,0.0,0.0,0.0,1.0,0.0,0.0,1.0,0.0,0.0,1.0,0.0,0.0,0.0,0.0,0.0,1.0,0.0,0.0,0.0,0.0,1.0,0.0,0.0,0.0,0.0,0.0,0.0,0.0,0.0,0.0,0.0,1.0,0.0,0.0,0.0,1.0,0.0,0.0,1.0,0.0,0.0,0.0,0.0,0.0,0.0,0.0,0.0,0.0,1.0,0.0,0.0,0.0,0.0,0.0,0.0,0.0,0.0,0.0,0.0,1.0,0.0,0.0,1.0,0.0,1.0,0.0
0.5114075114075115,0.0012219897047367376,0.0,0.0,0.0,0.0,7.832693663350827e-05,1.5860786219172886e-05,0.0,0.0,0.7096774193548387,0.0,0.0,0.0,0.9310344827586207,0.0,0.0,0.0,1.0,0.002747969726277653,0.006001207343489223,1.5259021896696422e-05,0.0004730368968779565,0.0,0.0,0.0007659313725490196,0.0005580249764282553,0.003714139344262295,0.002427301515857834,0.0,0.0,0.0,1.0,0.0,1.0,0.0,0.0,0.0,0.0,0.0,0.0,0.0,0.0,0.0,0.0,0.0,0.0,0.0,0.0,0.0,0.0,0.0,0.0,0.0,1.0,0.0,1.0,0.0,0.0,1.0,0.0,0.0,1.0,0.0,0.0,1.0,0.0,0.0,1.0,0.0,0.0,0.0,1.0,0.0,0.0,0.0,0.0,0.0,1.0,0.0,0.0,1.0,0.0,0.0,1.0,0.0,0.0,0.0,0.0,0.0,1.0,0.0,0.0,0.0,0.0,1.0,0.0,0.0,0.0,0.0,0.0,0.0,0.0,0.0,0.0,0.0,1.0,0.0,0.0,0.0,1.0,0.0,0.0,1.0,0.0,0.0,0.0,0.0,0.0,0.0,0.0,0.0,0.0,1.0,0.0,0.0,0.0,0.0,0.0,0.0,0.0,0.0,0.0,0.0,1.0,0.0,0.0,1.0,0.0,1.0,0.0
0.5124452515756864,0.0012219897047367376,0.0,0.0,0.0,0.0,7.832693663350827e-05,1.5860786219172886e-05,0.0,0.0,0.7096774193548387,0.0,0.0,0.0,0.9310344827586207,0.0,0.0,0.0,1.0,0.002747969726277653,0.006001207343489223,1.5259021896696422e-05,0.0004730368968779565,0.0,0.0,0.0026654411764705883,0.0005580249764282553,0.0008164702868852459,0.0026684241829960298,0.0,0.0,0.0,1.0,0.0,1.0,0.0,0.0,0.0,0.0,0.0,0.0,0.0,0.0,0.0,0.0,0.0,0.0,0.0,0.0,0.0,0.0,0.0,0.0,0.0,1.0,0.0,1.0,0.0,0.0,1.0,0.0,0.0,1.0,0.0,0.0,1.0,0.0,0.0,1.0,0.0,0.0,0.0,1.0,0.0,0.0,0.0,0.0,0.0,1.0,0.0,0.0,1.0,0.0,0.0,1.0,0.0,0.0,0.0,0.0,0.0,1.0,0.0,0.0,0.0,0.0,1.0,0.0,0.0,0.0,0.0,0.0,0.0,0.0,0.0,0.0,0.0,1.0,0.0,0.0,0.0,1.0,0.0,0.0,1.0,0.0,0.0,0.0,0.0,0.0,0.0,0.0,0.0,0.0,1.0,0.0,0.0,0.0,0.0,0.0,0.0,0.0,0.0,0.0,0.0,1.0,0.0,0.0,1.0,0.0,1.0,0.0
0.5132082958169916,0.0012219897047367376,0.0,0.0,0.0,0.0,7.832693663350827e-05,1.5860786219172886e-05,0.0,0.0,0.7096774193548387,0.0,0.0,0.0,0.9310344827586207,0.0,0.0,0.0,1.0,0.002747969726277653,0.006001207343489223,1.5259021896696422e-05,0.0004730368968779565,0.0,0.0,0.0007659313725490196,0.0005580249764282553,0.003714139344262295,0.002427301515857834,0.0,0.0,0.0,1.0,0.0,1.0,0.0,0.0,0.0,0.0,0.0,0.0,0.0,0.0,0.0,0.0,0.0,0.0,0.0,0.0,0.0,0.0,0.0,0.0,0.0,1.0,0.0,1.0,0.0,0.0,1.0,0.0,0.0,1.0,0.0,0.0,1.0,0.0,0.0,1.0,0.0,0.0,0.0,1.0,0.0,0.0,0.0,0.0,0.0,1.0,0.0,0.0,1.0,0.0,0.0,1.0,0.0,0.0,0.0,0.0,0.0,1.0,0.0,0.0,0.0,0.0,1.0,0.0,0.0,0.0,0.0,0.0,0.0,0.0,0.0,0.0,0.0,1.0,0.0,0.0,0.0,1.0,0.0,0.0,1.0,0.0,0.0,0.0,0.0,0.0,0.0,0.0,0.0,0.0,1.0,0.0,0.0,0.0,0.0,0.0,0.0,0.0,0.0,0.0,0.0,1.0,0.0,0.0,1.0,0.0,1.0,0.0
